{
    "$schema": "http://schema.management.azure.com/schemas/2015-01-01/deploymentTemplate.json#",
    "contentVersion": "1.0.0.0",
    "parameters": {
        "factoryName": {
            "type": "string",
            "metadata": "Data Factory name",
            "defaultValue": "meohocbi"
        },
        "lsWWIcloud_connectionString": {
            "type": "secureString",
            "metadata": "Secure string for 'connectionString' of 'lsWWIcloud'"
        },
        "LsOnprem_connectionString": {
            "type": "secureString",
            "metadata": "Secure string for 'connectionString' of 'LsOnprem'"
        }
    },
    "variables": {
        "factoryId": "[concat('Microsoft.DataFactory/factories/', parameters('factoryName'))]"
    },
    "resources": [
        {
            "name": "[concat(parameters('factoryName'), '/IRKN')]",
            "type": "Microsoft.DataFactory/factories/integrationRuntimes",
            "apiVersion": "2018-06-01",
            "properties": {
                "type": "SelfHosted",
                "typeProperties": {}
            },
            "dependsOn": []
        },
        {
            "name": "[concat(parameters('factoryName'), '/lsWWIcloud')]",
            "type": "Microsoft.DataFactory/factories/linkedServices",
            "apiVersion": "2018-06-01",
            "properties": {
                "annotations": [],
                "type": "AzureSqlDatabase",
                "typeProperties": {
                    "connectionString": "[parameters('lsWWIcloud_connectionString')]"
                }
            },
            "dependsOn": []
        },
        {
            "name": "[concat(parameters('factoryName'), '/LsOnprem')]",
            "type": "Microsoft.DataFactory/factories/linkedServices",
            "apiVersion": "2018-06-01",
            "properties": {
                "annotations": [],
                "type": "SqlServer",
                "typeProperties": {
                    "connectionString": "[parameters('LsOnprem_connectionString')]"
                },
                "connectVia": {
                    "referenceName": "IRKN",
                    "type": "IntegrationRuntimeReference"
                }
            },
            "dependsOn": [
                "[concat(variables('factoryId'), '/integrationRuntimes/IRKN')]"
            ]
        },
        {
            "name": "[concat(parameters('factoryName'), '/dimsaleperson')]",
            "type": "Microsoft.DataFactory/factories/datasets",
            "apiVersion": "2018-06-01",
            "properties": {
                "linkedServiceName": {
                    "referenceName": "lsWWIcloud",
                    "type": "LinkedServiceReference"
                },
                "annotations": [],
                "type": "AzureSqlTable",
                "schema": [
                    {
                        "name": "SalespersonKey",
                        "type": "int",
                        "precision": 10
                    },
                    {
                        "name": "WWISalesPersonID",
                        "type": "int",
                        "precision": 10
                    },
                    {
                        "name": "FullName",
                        "type": "nvarchar"
                    },
                    {
                        "name": "PhoneNumber",
                        "type": "nvarchar"
                    },
                    {
                        "name": "EmailAddress",
                        "type": "nvarchar"
                    },
                    {
                        "name": "ValidFrom",
                        "type": "datetime2",
                        "scale": 7
                    },
                    {
                        "name": "ValidTo",
                        "type": "datetime2",
                        "scale": 7
                    }
                ],
                "typeProperties": {
                    "schema": "DIM",
                    "table": "Salesperson"
                }
            },
            "dependsOn": [
                "[concat(variables('factoryId'), '/linkedServices/lsWWIcloud')]"
            ]
        },
        {
            "name": "[concat(parameters('factoryName'), '/dimcustomer')]",
            "type": "Microsoft.DataFactory/factories/datasets",
            "apiVersion": "2018-06-01",
            "properties": {
                "linkedServiceName": {
                    "referenceName": "lsWWIcloud",
                    "type": "LinkedServiceReference"
                },
                "annotations": [],
                "type": "AzureSqlTable",
                "schema": [
                    {
                        "name": "CustomerKey",
                        "type": "int",
                        "precision": 10
                    },
                    {
                        "name": "WWICustomerID",
                        "type": "int",
                        "precision": 10
                    },
                    {
                        "name": "Customer",
                        "type": "nvarchar"
                    },
                    {
                        "name": "PhoneNumber",
                        "type": "nvarchar"
                    },
                    {
                        "name": "DeliveryPostalCode",
                        "type": "nvarchar"
                    },
                    {
                        "name": "ValidFrom",
                        "type": "datetime2",
                        "scale": 7
                    },
                    {
                        "name": "ValidTo",
                        "type": "datetime2",
                        "scale": 7
                    },
                    {
                        "name": "CustomerCategory",
                        "type": "nvarchar"
                    },
                    {
                        "name": "DeliveryCityID",
                        "type": "int",
                        "precision": 10
                    }
                ],
                "typeProperties": {
                    "schema": "DIM",
                    "table": "Customer"
                }
            },
            "dependsOn": [
                "[concat(variables('factoryId'), '/linkedServices/lsWWIcloud')]"
            ]
        },
        {
            "name": "[concat(parameters('factoryName'), '/dimstockitem')]",
            "type": "Microsoft.DataFactory/factories/datasets",
            "apiVersion": "2018-06-01",
            "properties": {
                "linkedServiceName": {
                    "referenceName": "lsWWIcloud",
                    "type": "LinkedServiceReference"
                },
                "annotations": [],
                "type": "AzureSqlTable",
                "schema": [
                    {
                        "name": "StockItemKey",
                        "type": "int",
                        "precision": 10
                    },
                    {
                        "name": "WWIStockItemID",
                        "type": "int",
                        "precision": 10
                    },
                    {
                        "name": "StockItem",
                        "type": "nvarchar"
                    },
                    {
                        "name": "SellingPackage",
                        "type": "nvarchar"
                    },
                    {
                        "name": "BuyingPackage",
                        "type": "nvarchar"
                    },
                    {
                        "name": "Brand",
                        "type": "nvarchar"
                    },
                    {
                        "name": "Barcode",
                        "type": "nvarchar"
                    },
                    {
                        "name": "QuantityPerOuter",
                        "type": "int",
                        "precision": 10
                    },
                    {
                        "name": "TaxRate",
                        "type": "decimal",
                        "precision": 18,
                        "scale": 3
                    },
                    {
                        "name": "UnitPrice",
                        "type": "decimal",
                        "precision": 18,
                        "scale": 2
                    },
                    {
                        "name": "RecommendedRetailPrice",
                        "type": "decimal",
                        "precision": 18,
                        "scale": 2
                    },
                    {
                        "name": "ValidFrom",
                        "type": "datetime2",
                        "scale": 7
                    },
                    {
                        "name": "ValidTo",
                        "type": "datetime2",
                        "scale": 7
                    }
                ],
                "typeProperties": {
                    "schema": "DIM",
                    "table": "StockItem"
                }
            },
            "dependsOn": [
                "[concat(variables('factoryId'), '/linkedServices/lsWWIcloud')]"
            ]
        },
        {
            "name": "[concat(parameters('factoryName'), '/dimArea')]",
            "type": "Microsoft.DataFactory/factories/datasets",
            "apiVersion": "2018-06-01",
            "properties": {
                "linkedServiceName": {
                    "referenceName": "lsWWIcloud",
                    "type": "LinkedServiceReference"
                },
                "annotations": [],
                "type": "AzureSqlTable",
                "schema": [
                    {
                        "name": "CityKey",
                        "type": "int",
                        "precision": 10
                    },
                    {
                        "name": "WWICityID",
                        "type": "int",
                        "precision": 10
                    },
                    {
                        "name": "StateProvince",
                        "type": "nvarchar"
                    },
                    {
                        "name": "Country",
                        "type": "nvarchar"
                    },
                    {
                        "name": "SalesTerritory",
                        "type": "nvarchar"
                    },
                    {
                        "name": "Region",
                        "type": "nvarchar"
                    },
                    {
                        "name": "Subregion",
                        "type": "nvarchar"
                    },
                    {
                        "name": "ValidFrom",
                        "type": "datetime2",
                        "scale": 7
                    },
                    {
                        "name": "ValidTo",
                        "type": "datetime2",
                        "scale": 7
                    }
                ],
                "typeProperties": {
                    "schema": "DIM",
                    "table": "Area"
                }
            },
            "dependsOn": [
                "[concat(variables('factoryId'), '/linkedServices/lsWWIcloud')]"
            ]
        },
        {
            "name": "[concat(parameters('factoryName'), '/factSale')]",
            "type": "Microsoft.DataFactory/factories/datasets",
            "apiVersion": "2018-06-01",
            "properties": {
                "linkedServiceName": {
                    "referenceName": "lsWWIcloud",
                    "type": "LinkedServiceReference"
                },
                "annotations": [],
                "type": "AzureSqlTable",
                "schema": [
                    {
                        "name": "SalesID",
                        "type": "int",
                        "precision": 10
                    },
                    {
                        "name": "WWI_InvoiceID",
                        "type": "int",
                        "precision": 10
                    },
                    {
                        "name": "WWW_CityID",
                        "type": "int",
                        "precision": 10
                    },
                    {
                        "name": "SalesPersonID",
                        "type": "int",
                        "precision": 10
                    },
                    {
                        "name": "CustomerID",
                        "type": "int",
                        "precision": 10
                    },
                    {
                        "name": "StockItemID",
                        "type": "int",
                        "precision": 10
                    },
                    {
                        "name": "InvoiceDate",
                        "type": "date"
                    },
                    {
                        "name": "Quantity",
                        "type": "int",
                        "precision": 10
                    },
                    {
                        "name": "UnitPrice",
                        "type": "decimal",
                        "precision": 18,
                        "scale": 2
                    },
                    {
                        "name": "LineProfit",
                        "type": "decimal",
                        "precision": 18,
                        "scale": 2
                    },
                    {
                        "name": "TaxRate",
                        "type": "decimal",
                        "precision": 18,
                        "scale": 2
                    },
                    {
                        "name": "TaxAmount",
                        "type": "decimal",
                        "precision": 18,
                        "scale": 2
                    },
                    {
                        "name": "UnitProfit",
                        "type": "decimal",
                        "precision": 18,
                        "scale": 2
                    },
                    {
                        "name": "UnitCost",
                        "type": "decimal",
                        "precision": 18,
                        "scale": 2
                    }
                ],
                "typeProperties": {
                    "schema": "fact",
                    "table": "Sales"
                }
            },
            "dependsOn": [
                "[concat(variables('factoryId'), '/linkedServices/lsWWIcloud')]"
            ]
        },
        {
            "name": "[concat(parameters('factoryName'), '/DimDate')]",
            "type": "Microsoft.DataFactory/factories/datasets",
            "apiVersion": "2018-06-01",
            "properties": {
                "linkedServiceName": {
                    "referenceName": "lsWWIcloud",
                    "type": "LinkedServiceReference"
                },
                "annotations": [],
                "type": "AzureSqlTable",
                "schema": [
                    {
                        "name": "DateKey",
                        "type": "int",
                        "precision": 10
                    },
                    {
                        "name": "FullDate",
                        "type": "date"
                    },
                    {
                        "name": "Day",
                        "type": "int",
                        "precision": 10
                    },
                    {
                        "name": "Month",
                        "type": "int",
                        "precision": 10
                    },
                    {
                        "name": "Quarter",
                        "type": "int",
                        "precision": 10
                    },
                    {
                        "name": "Year",
                        "type": "int",
                        "precision": 10
                    },
                    {
                        "name": "Weekday",
                        "type": "int",
                        "precision": 10
                    },
                    {
                        "name": "Week",
                        "type": "int",
                        "precision": 10
                    },
                    {
                        "name": "DayName",
                        "type": "nvarchar"
                    },
                    {
                        "name": "MonthName",
                        "type": "nvarchar"
                    },
                    {
                        "name": "QuarterName",
                        "type": "nvarchar"
                    },
                    {
                        "name": "IsWeekend",
                        "type": "bit"
                    },
                    {
                        "name": "IsHoliday",
                        "type": "bit"
                    }
                ],
                "typeProperties": {
                    "schema": "DIM",
                    "table": "Date"
                }
            },
            "dependsOn": [
                "[concat(variables('factoryId'), '/linkedServices/lsWWIcloud')]"
            ]
        },
        {
            "name": "[concat(parameters('factoryName'), '/stgInvoice')]",
            "type": "Microsoft.DataFactory/factories/datasets",
            "apiVersion": "2018-06-01",
            "properties": {
                "linkedServiceName": {
                    "referenceName": "lsWWIcloud",
                    "type": "LinkedServiceReference"
                },
                "annotations": [],
                "type": "AzureSqlTable",
                "schema": [
                    {
                        "name": "InvoiceID",
                        "type": "int",
                        "precision": 10
                    },
                    {
                        "name": "CustomerID",
                        "type": "int",
                        "precision": 10
                    },
                    {
                        "name": "BillToCustomerID",
                        "type": "int",
                        "precision": 10
                    },
                    {
                        "name": "OrderID",
                        "type": "int",
                        "precision": 10
                    },
                    {
                        "name": "DeliveryMethodID",
                        "type": "int",
                        "precision": 10
                    },
                    {
                        "name": "ContactPersonID",
                        "type": "int",
                        "precision": 10
                    },
                    {
                        "name": "AccountsPersonID",
                        "type": "int",
                        "precision": 10
                    },
                    {
                        "name": "SalespersonPersonID",
                        "type": "int",
                        "precision": 10
                    },
                    {
                        "name": "PackedByPersonID",
                        "type": "int",
                        "precision": 10
                    },
                    {
                        "name": "InvoiceDate",
                        "type": "date"
                    },
                    {
                        "name": "CustomerPurchaseOrderNumber",
                        "type": "nvarchar"
                    },
                    {
                        "name": "IsCreditNote",
                        "type": "bit"
                    },
                    {
                        "name": "CreditNoteReason",
                        "type": "nvarchar"
                    },
                    {
                        "name": "Comments",
                        "type": "nvarchar"
                    },
                    {
                        "name": "DeliveryInstructions",
                        "type": "nvarchar"
                    },
                    {
                        "name": "InternalComments",
                        "type": "nvarchar"
                    },
                    {
                        "name": "TotalDryItems",
                        "type": "int",
                        "precision": 10
                    },
                    {
                        "name": "TotalChillerItems",
                        "type": "int",
                        "precision": 10
                    },
                    {
                        "name": "DeliveryRun",
                        "type": "nvarchar"
                    },
                    {
                        "name": "RunPosition",
                        "type": "nvarchar"
                    },
                    {
                        "name": "ReturnedDeliveryData",
                        "type": "nvarchar"
                    },
                    {
                        "name": "LastEditedBy",
                        "type": "int",
                        "precision": 10
                    },
                    {
                        "name": "LastEditedWhen",
                        "type": "datetime2",
                        "scale": 7
                    }
                ],
                "typeProperties": {
                    "schema": "stg",
                    "table": "Invoices"
                }
            },
            "dependsOn": [
                "[concat(variables('factoryId'), '/linkedServices/lsWWIcloud')]"
            ]
        },
        {
            "name": "[concat(parameters('factoryName'), '/stginvoiceline')]",
            "type": "Microsoft.DataFactory/factories/datasets",
            "apiVersion": "2018-06-01",
            "properties": {
                "linkedServiceName": {
                    "referenceName": "lsWWIcloud",
                    "type": "LinkedServiceReference"
                },
                "annotations": [],
                "type": "AzureSqlTable",
                "schema": [
                    {
                        "name": "InvoiceLineID",
                        "type": "int",
                        "precision": 10
                    },
                    {
                        "name": "InvoiceID",
                        "type": "int",
                        "precision": 10
                    },
                    {
                        "name": "StockItemID",
                        "type": "int",
                        "precision": 10
                    },
                    {
                        "name": "Description",
                        "type": "nvarchar"
                    },
                    {
                        "name": "PackageTypeID",
                        "type": "int",
                        "precision": 10
                    },
                    {
                        "name": "Quantity",
                        "type": "int",
                        "precision": 10
                    },
                    {
                        "name": "UnitPrice",
                        "type": "decimal",
                        "precision": 18,
                        "scale": 2
                    },
                    {
                        "name": "TaxRate",
                        "type": "decimal",
                        "precision": 18,
                        "scale": 3
                    },
                    {
                        "name": "TaxAmount",
                        "type": "decimal",
                        "precision": 18,
                        "scale": 2
                    },
                    {
                        "name": "LineProfit",
                        "type": "decimal",
                        "precision": 18,
                        "scale": 2
                    },
                    {
                        "name": "ExtendedPrice",
                        "type": "decimal",
                        "precision": 18,
                        "scale": 2
                    },
                    {
                        "name": "LastEditedBy",
                        "type": "int",
                        "precision": 10
                    },
                    {
                        "name": "LastEditedWhen",
                        "type": "datetime2",
                        "scale": 7
                    }
                ],
                "typeProperties": {
                    "schema": "stg",
                    "table": "InvoiceLines"
                }
            },
            "dependsOn": [
                "[concat(variables('factoryId'), '/linkedServices/lsWWIcloud')]"
            ]
        },
        {
            "name": "[concat(parameters('factoryName'), '/fact_stockHolding')]",
            "type": "Microsoft.DataFactory/factories/datasets",
            "apiVersion": "2018-06-01",
            "properties": {
                "linkedServiceName": {
                    "referenceName": "lsWWIcloud",
                    "type": "LinkedServiceReference"
                },
                "annotations": [],
                "type": "AzureSqlTable",
                "schema": [
                    {
                        "name": "StockHoldingKey",
                        "type": "int",
                        "precision": 10
                    },
                    {
                        "name": "StockItemKey",
                        "type": "int",
                        "precision": 10
                    },
                    {
                        "name": "QuantityOnHand",
                        "type": "int",
                        "precision": 10
                    },
                    {
                        "name": "BinLocation",
                        "type": "nvarchar"
                    },
                    {
                        "name": "LastStocktakeQuantity",
                        "type": "int",
                        "precision": 10
                    },
                    {
                        "name": "LastCostPrice",
                        "type": "decimal",
                        "precision": 18,
                        "scale": 2
                    },
                    {
                        "name": "ReorderLevel",
                        "type": "int",
                        "precision": 10
                    },
                    {
                        "name": "TargetStockLevel",
                        "type": "int",
                        "precision": 10
                    }
                ],
                "typeProperties": {
                    "schema": "fact",
                    "table": "StockHoldings"
                }
            },
            "dependsOn": [
                "[concat(variables('factoryId'), '/linkedServices/lsWWIcloud')]"
            ]
        },
        {
            "name": "[concat(parameters('factoryName'), '/stg_StockItemHoldings')]",
            "type": "Microsoft.DataFactory/factories/datasets",
            "apiVersion": "2018-06-01",
            "properties": {
                "linkedServiceName": {
                    "referenceName": "lsWWIcloud",
                    "type": "LinkedServiceReference"
                },
                "annotations": [],
                "type": "AzureSqlTable",
                "schema": [
                    {
                        "name": "StockItemID",
                        "type": "int",
                        "precision": 10
                    },
                    {
                        "name": "QuantityOnHand",
                        "type": "int",
                        "precision": 10
                    },
                    {
                        "name": "BinLocation",
                        "type": "nvarchar"
                    },
                    {
                        "name": "LastStocktakeQuantity",
                        "type": "int",
                        "precision": 10
                    },
                    {
                        "name": "LastCostPrice",
                        "type": "decimal",
                        "precision": 18,
                        "scale": 2
                    },
                    {
                        "name": "ReorderLevel",
                        "type": "int",
                        "precision": 10
                    },
                    {
                        "name": "TargetStockLevel",
                        "type": "int",
                        "precision": 10
                    },
                    {
                        "name": "LastEditedBy",
                        "type": "int",
                        "precision": 10
                    },
                    {
                        "name": "LastEditedWhen",
                        "type": "datetime2",
                        "scale": 7
                    }
                ],
                "typeProperties": {
                    "schema": "stg",
                    "table": "StockItemHoldings"
                }
            },
            "dependsOn": [
                "[concat(variables('factoryId'), '/linkedServices/lsWWIcloud')]"
            ]
        },
        {
            "name": "[concat(parameters('factoryName'), '/factOrder')]",
            "type": "Microsoft.DataFactory/factories/datasets",
            "apiVersion": "2018-06-01",
            "properties": {
                "linkedServiceName": {
                    "referenceName": "lsWWIcloud",
                    "type": "LinkedServiceReference"
                },
                "annotations": [],
                "type": "AzureSqlTable",
                "schema": [
                    {
                        "name": "OrderLineID",
                        "type": "int",
                        "precision": 10
                    },
                    {
                        "name": "OrderID",
                        "type": "int",
                        "precision": 10
                    },
                    {
                        "name": "StockItemID",
                        "type": "int",
                        "precision": 10
                    },
                    {
                        "name": "Quantity",
                        "type": "int",
                        "precision": 10
                    },
                    {
                        "name": "UnitPrice",
                        "type": "decimal",
                        "precision": 18,
                        "scale": 2
                    },
                    {
                        "name": "TaxRate",
                        "type": "decimal",
                        "precision": 18,
                        "scale": 3
                    },
                    {
                        "name": "CustomerKey",
                        "type": "int",
                        "precision": 10
                    },
                    {
                        "name": "SalespersonPersonKey",
                        "type": "int",
                        "precision": 10
                    },
                    {
                        "name": "BackorderOrderID",
                        "type": "int",
                        "precision": 10
                    },
                    {
                        "name": "OrderDate",
                        "type": "date"
                    },
                    {
                        "name": "DeliveryCityID",
                        "type": "int",
                        "precision": 10
                    },
                    {
                        "name": "CityKey",
                        "type": "int",
                        "precision": 10
                    },
                    {
                        "name": "DateKey",
                        "type": "int",
                        "precision": 10
                    },
                    {
                        "name": "OrderLineKey",
                        "type": "int",
                        "precision": 10
                    }
                ],
                "typeProperties": {
                    "schema": "fact",
                    "table": "Order"
                }
            },
            "dependsOn": [
                "[concat(variables('factoryId'), '/linkedServices/lsWWIcloud')]"
            ]
        },
        {
            "name": "[concat(parameters('factoryName'), '/WWIstgOrder')]",
            "type": "Microsoft.DataFactory/factories/datasets",
            "apiVersion": "2018-06-01",
            "properties": {
                "linkedServiceName": {
                    "referenceName": "lsWWIcloud",
                    "type": "LinkedServiceReference"
                },
                "annotations": [],
                "type": "AzureSqlTable",
                "schema": [
                    {
                        "name": "OrderID",
                        "type": "int",
                        "precision": 10
                    },
                    {
                        "name": "CustomerID",
                        "type": "int",
                        "precision": 10
                    },
                    {
                        "name": "SalespersonPersonID",
                        "type": "int",
                        "precision": 10
                    },
                    {
                        "name": "PickedByPersonID",
                        "type": "int",
                        "precision": 10
                    },
                    {
                        "name": "ContactPersonID",
                        "type": "int",
                        "precision": 10
                    },
                    {
                        "name": "BackorderOrderID",
                        "type": "int",
                        "precision": 10
                    },
                    {
                        "name": "OrderDate",
                        "type": "date"
                    },
                    {
                        "name": "ExpectedDeliveryDate",
                        "type": "date"
                    },
                    {
                        "name": "CustomerPurchaseOrderNumber",
                        "type": "nvarchar"
                    },
                    {
                        "name": "IsUndersupplyBackordered",
                        "type": "bit"
                    },
                    {
                        "name": "Comments",
                        "type": "nvarchar"
                    },
                    {
                        "name": "DeliveryInstructions",
                        "type": "nvarchar"
                    },
                    {
                        "name": "InternalComments",
                        "type": "nvarchar"
                    },
                    {
                        "name": "PickingCompletedWhen",
                        "type": "datetime2",
                        "scale": 7
                    },
                    {
                        "name": "LastEditedBy",
                        "type": "int",
                        "precision": 10
                    },
                    {
                        "name": "LastEditedWhen",
                        "type": "datetime2",
                        "scale": 7
                    }
                ],
                "typeProperties": {
                    "schema": "stg",
                    "table": "Orders"
                }
            },
            "dependsOn": [
                "[concat(variables('factoryId'), '/linkedServices/lsWWIcloud')]"
            ]
        },
        {
            "name": "[concat(parameters('factoryName'), '/stgOrderLine')]",
            "type": "Microsoft.DataFactory/factories/datasets",
            "apiVersion": "2018-06-01",
            "properties": {
                "linkedServiceName": {
                    "referenceName": "lsWWIcloud",
                    "type": "LinkedServiceReference"
                },
                "annotations": [],
                "type": "AzureSqlTable",
                "schema": [
                    {
                        "name": "OrderLineID",
                        "type": "int",
                        "precision": 10
                    },
                    {
                        "name": "OrderID",
                        "type": "int",
                        "precision": 10
                    },
                    {
                        "name": "StockItemID",
                        "type": "int",
                        "precision": 10
                    },
                    {
                        "name": "Description",
                        "type": "nvarchar"
                    },
                    {
                        "name": "PackageTypeID",
                        "type": "int",
                        "precision": 10
                    },
                    {
                        "name": "Quantity",
                        "type": "int",
                        "precision": 10
                    },
                    {
                        "name": "UnitPrice",
                        "type": "decimal",
                        "precision": 18,
                        "scale": 2
                    },
                    {
                        "name": "TaxRate",
                        "type": "decimal",
                        "precision": 18,
                        "scale": 3
                    },
                    {
                        "name": "PickedQuantity",
                        "type": "int",
                        "precision": 10
                    },
                    {
                        "name": "PickingCompletedWhen",
                        "type": "datetime2",
                        "scale": 7
                    },
                    {
                        "name": "LastEditedBy",
                        "type": "int",
                        "precision": 10
                    },
                    {
                        "name": "LastEditedWhen",
                        "type": "datetime2",
                        "scale": 7
                    }
                ],
                "typeProperties": {
                    "schema": "stg",
                    "table": "OrderLines"
                }
            },
            "dependsOn": [
                "[concat(variables('factoryId'), '/linkedServices/lsWWIcloud')]"
            ]
        },
        {
            "name": "[concat(parameters('factoryName'), '/loadfactstocholding')]",
            "type": "Microsoft.DataFactory/factories/dataflows",
            "apiVersion": "2018-06-01",
            "properties": {
                "type": "MappingDataFlow",
                "typeProperties": {
                    "sources": [
                        {
                            "dataset": {
                                "referenceName": "stg_StockItemHoldings",
                                "type": "DatasetReference"
                            },
                            "name": "stgstockHolding"
                        },
                        {
                            "dataset": {
                                "referenceName": "dimstockitem",
                                "type": "DatasetReference"
                            },
                            "name": "dimstockitem"
                        }
                    ],
                    "sinks": [
                        {
                            "dataset": {
                                "referenceName": "fact_stockHolding",
                                "type": "DatasetReference"
                            },
                            "name": "factstockHolding"
                        }
                    ],
                    "transformations": [
                        {
                            "name": "getStockItemKey"
                        },
                        {
                            "name": "select1"
                        },
                        {
                            "name": "createStockHoldingKey"
                        }
                    ],
                    "scriptLines": [
                        "source(output(",
                        "          StockItemID as integer,",
                        "          QuantityOnHand as integer,",
                        "          BinLocation as string,",
                        "          LastStocktakeQuantity as integer,",
                        "          LastCostPrice as decimal(18,2),",
                        "          ReorderLevel as integer,",
                        "          TargetStockLevel as integer,",
                        "          LastEditedBy as integer,",
                        "          LastEditedWhen as timestamp",
                        "     ),",
                        "     allowSchemaDrift: true,",
                        "     validateSchema: false,",
                        "     isolationLevel: 'READ_UNCOMMITTED',",
                        "     format: 'table') ~> stgstockHolding",
                        "source(output(",
                        "          StockItemKey as integer,",
                        "          WWIStockItemID as integer,",
                        "          StockItem as string,",
                        "          SellingPackage as string,",
                        "          BuyingPackage as string,",
                        "          Brand as string,",
                        "          Barcode as string,",
                        "          QuantityPerOuter as integer,",
                        "          TaxRate as decimal(18,3),",
                        "          UnitPrice as decimal(18,2),",
                        "          RecommendedRetailPrice as decimal(18,2),",
                        "          ValidFrom as timestamp,",
                        "          ValidTo as timestamp",
                        "     ),",
                        "     allowSchemaDrift: true,",
                        "     validateSchema: false,",
                        "     isolationLevel: 'READ_UNCOMMITTED',",
                        "     format: 'table') ~> dimstockitem",
                        "stgstockHolding, dimstockitem lookup(StockItemID == WWIStockItemID,",
                        "     multiple: false,",
                        "     pickup: 'any',",
                        "     broadcast: 'auto')~> getStockItemKey",
                        "getStockItemKey select(mapColumn(",
                        "          QuantityOnHand,",
                        "          BinLocation,",
                        "          LastStocktakeQuantity,",
                        "          LastCostPrice,",
                        "          ReorderLevel,",
                        "          TargetStockLevel,",
                        "          StockItemKey",
                        "     ),",
                        "     skipDuplicateMapInputs: true,",
                        "     skipDuplicateMapOutputs: true) ~> select1",
                        "select1 keyGenerate(output(StockHoldingKey as long),",
                        "     startAt: 1L,",
                        "     stepValue: 1L) ~> createStockHoldingKey",
                        "createStockHoldingKey sink(allowSchemaDrift: true,",
                        "     validateSchema: false,",
                        "     input(",
                        "          StockHoldingKey as integer,",
                        "          StockItemKey as integer,",
                        "          QuantityOnHand as integer,",
                        "          BinLocation as string,",
                        "          LastStocktakeQuantity as integer,",
                        "          LastCostPrice as decimal(18,2),",
                        "          ReorderLevel as integer,",
                        "          TargetStockLevel as integer",
                        "     ),",
                        "     deletable:false,",
                        "     insertable:true,",
                        "     updateable:false,",
                        "     upsertable:false,",
                        "     format: 'table',",
                        "     skipDuplicateMapInputs: true,",
                        "     skipDuplicateMapOutputs: true,",
                        "     errorHandlingOption: 'stopOnFirstError') ~> factstockHolding"
                    ]
                }
            },
            "dependsOn": [
                "[concat(variables('factoryId'), '/datasets/stg_StockItemHoldings')]",
                "[concat(variables('factoryId'), '/datasets/dimstockitem')]",
                "[concat(variables('factoryId'), '/datasets/fact_stockHolding')]"
            ]
        },
        {
            "name": "[concat(parameters('factoryName'), '/LoadFactSale')]",
            "type": "Microsoft.DataFactory/factories/dataflows",
            "apiVersion": "2018-06-01",
            "properties": {
                "type": "MappingDataFlow",
                "typeProperties": {
                    "sources": [
                        {
                            "dataset": {
                                "referenceName": "stgInvoice",
                                "type": "DatasetReference"
                            },
                            "name": "stginvoice"
                        },
                        {
                            "dataset": {
                                "referenceName": "stginvoiceline",
                                "type": "DatasetReference"
                            },
                            "name": "stgInvoiceLine"
                        },
                        {
                            "dataset": {
                                "referenceName": "dimstockitem",
                                "type": "DatasetReference"
                            },
                            "name": "dimStockItem"
                        },
                        {
                            "dataset": {
                                "referenceName": "dimsaleperson",
                                "type": "DatasetReference"
                            },
                            "name": "dimSaleperson"
                        },
                        {
                            "dataset": {
                                "referenceName": "dimArea",
                                "type": "DatasetReference"
                            },
                            "name": "dimarea"
                        },
                        {
                            "dataset": {
                                "referenceName": "dimcustomer",
                                "type": "DatasetReference"
                            },
                            "name": "dimCustomer"
                        },
                        {
                            "dataset": {
                                "referenceName": "DimDate",
                                "type": "DatasetReference"
                            },
                            "name": "dimdate"
                        }
                    ],
                    "sinks": [
                        {
                            "dataset": {
                                "referenceName": "factSale",
                                "type": "DatasetReference"
                            },
                            "name": "sink1"
                        }
                    ],
                    "transformations": [
                        {
                            "name": "joinIVvsIVL"
                        },
                        {
                            "name": "select1"
                        },
                        {
                            "name": "getStockItemKey"
                        },
                        {
                            "name": "select2"
                        },
                        {
                            "name": "getSalepersonKey"
                        },
                        {
                            "name": "select3"
                        },
                        {
                            "name": "GetCustomerkey"
                        },
                        {
                            "name": "select4"
                        },
                        {
                            "name": "select5"
                        },
                        {
                            "name": "addMeasure"
                        },
                        {
                            "name": "covertDate"
                        },
                        {
                            "name": "GetCityKey"
                        },
                        {
                            "name": "GetDateKey"
                        },
                        {
                            "name": "select6"
                        },
                        {
                            "name": "GetSaleKey"
                        }
                    ],
                    "scriptLines": [
                        "source(output(",
                        "          InvoiceID as integer,",
                        "          CustomerID as integer,",
                        "          BillToCustomerID as integer,",
                        "          OrderID as integer,",
                        "          DeliveryMethodID as integer,",
                        "          ContactPersonID as integer,",
                        "          AccountsPersonID as integer,",
                        "          SalespersonPersonID as integer,",
                        "          PackedByPersonID as integer,",
                        "          InvoiceDate as date,",
                        "          CustomerPurchaseOrderNumber as string,",
                        "          IsCreditNote as boolean,",
                        "          CreditNoteReason as string,",
                        "          Comments as string,",
                        "          DeliveryInstructions as string,",
                        "          InternalComments as string,",
                        "          TotalDryItems as integer,",
                        "          TotalChillerItems as integer,",
                        "          DeliveryRun as string,",
                        "          RunPosition as string,",
                        "          ReturnedDeliveryData as string,",
                        "          LastEditedBy as integer,",
                        "          LastEditedWhen as timestamp",
                        "     ),",
                        "     allowSchemaDrift: true,",
                        "     validateSchema: false,",
                        "     isolationLevel: 'READ_UNCOMMITTED',",
                        "     format: 'table') ~> stginvoice",
                        "source(output(",
                        "          InvoiceLineID as integer,",
                        "          InvoiceID as integer,",
                        "          StockItemID as integer,",
                        "          Description as string,",
                        "          PackageTypeID as integer,",
                        "          Quantity as integer,",
                        "          UnitPrice as decimal(18,2),",
                        "          TaxRate as decimal(18,3),",
                        "          TaxAmount as decimal(18,2),",
                        "          LineProfit as decimal(18,2),",
                        "          ExtendedPrice as decimal(18,2),",
                        "          LastEditedBy as integer,",
                        "          LastEditedWhen as timestamp",
                        "     ),",
                        "     allowSchemaDrift: true,",
                        "     validateSchema: false,",
                        "     isolationLevel: 'READ_UNCOMMITTED',",
                        "     format: 'table') ~> stgInvoiceLine",
                        "source(output(",
                        "          StockItemKey as integer,",
                        "          WWIStockItemID as integer,",
                        "          StockItem as string,",
                        "          SellingPackage as string,",
                        "          BuyingPackage as string,",
                        "          Brand as string,",
                        "          Barcode as string,",
                        "          QuantityPerOuter as integer,",
                        "          TaxRate as decimal(18,3),",
                        "          UnitPrice as decimal(18,2),",
                        "          RecommendedRetailPrice as decimal(18,2),",
                        "          ValidFrom as timestamp,",
                        "          ValidTo as timestamp",
                        "     ),",
                        "     allowSchemaDrift: true,",
                        "     validateSchema: false,",
                        "     isolationLevel: 'READ_UNCOMMITTED',",
                        "     format: 'table') ~> dimStockItem",
                        "source(output(",
                        "          SalespersonKey as integer,",
                        "          WWISalesPersonID as integer,",
                        "          FullName as string,",
                        "          PhoneNumber as string,",
                        "          EmailAddress as string,",
                        "          ValidFrom as timestamp,",
                        "          ValidTo as timestamp",
                        "     ),",
                        "     allowSchemaDrift: true,",
                        "     validateSchema: false,",
                        "     isolationLevel: 'READ_UNCOMMITTED',",
                        "     format: 'table') ~> dimSaleperson",
                        "source(output(",
                        "          CityKey as integer,",
                        "          WWICityID as integer,",
                        "          StateProvince as string,",
                        "          Country as string,",
                        "          SalesTerritory as string,",
                        "          Region as string,",
                        "          Subregion as string,",
                        "          ValidFrom as timestamp,",
                        "          ValidTo as timestamp",
                        "     ),",
                        "     allowSchemaDrift: true,",
                        "     validateSchema: false,",
                        "     isolationLevel: 'READ_UNCOMMITTED',",
                        "     format: 'table') ~> dimarea",
                        "source(output(",
                        "          CustomerKey as integer,",
                        "          WWICustomerID as integer,",
                        "          Customer as string,",
                        "          PhoneNumber as string,",
                        "          DeliveryPostalCode as string,",
                        "          ValidFrom as timestamp,",
                        "          ValidTo as timestamp,",
                        "          CustomerCategory as string,",
                        "          DeliveryCityID as integer",
                        "     ),",
                        "     allowSchemaDrift: true,",
                        "     validateSchema: false,",
                        "     isolationLevel: 'READ_UNCOMMITTED',",
                        "     format: 'table') ~> dimCustomer",
                        "source(output(",
                        "          DateKey as integer,",
                        "          FullDate as date,",
                        "          Day as integer,",
                        "          Month as integer,",
                        "          Quarter as integer,",
                        "          Year as integer,",
                        "          Weekday as integer,",
                        "          Week as integer,",
                        "          DayName as string,",
                        "          MonthName as string,",
                        "          QuarterName as string,",
                        "          IsWeekend as boolean,",
                        "          IsHoliday as boolean",
                        "     ),",
                        "     allowSchemaDrift: true,",
                        "     validateSchema: false,",
                        "     isolationLevel: 'READ_UNCOMMITTED',",
                        "     format: 'table') ~> dimdate",
                        "stginvoice, stgInvoiceLine join(stginvoice@InvoiceID == stgInvoiceLine@InvoiceID,",
                        "     joinType:'inner',",
                        "     matchType:'exact',",
                        "     ignoreSpaces: false,",
                        "     broadcast: 'auto')~> joinIVvsIVL",
                        "joinIVvsIVL select(mapColumn(",
                        "          InvoiceID = stginvoice@InvoiceID,",
                        "          CustomerID,",
                        "          BillToCustomerID,",
                        "          OrderID,",
                        "          SalespersonPersonID,",
                        "          InvoiceDate,",
                        "          InvoiceID = stgInvoiceLine@InvoiceID,",
                        "          StockItemID,",
                        "          Quantity,",
                        "          UnitPrice,",
                        "          TaxRate,",
                        "          TaxAmount,",
                        "          LineProfit",
                        "     ),",
                        "     skipDuplicateMapInputs: true,",
                        "     skipDuplicateMapOutputs: true) ~> select1",
                        "select1, dimStockItem lookup(StockItemID == WWIStockItemID,",
                        "     multiple: false,",
                        "     pickup: 'any',",
                        "     broadcast: 'auto')~> getStockItemKey",
                        "getStockItemKey select(mapColumn(",
                        "          InvoiceID,",
                        "          CustomerID,",
                        "          BillToCustomerID,",
                        "          OrderID,",
                        "          SalespersonPersonID,",
                        "          InvoiceDate,",
                        "          Quantity,",
                        "          UnitPrice = select1@UnitPrice,",
                        "          TaxRate = select1@TaxRate,",
                        "          TaxAmount,",
                        "          LineProfit,",
                        "          StockItemKey",
                        "     ),",
                        "     skipDuplicateMapInputs: true,",
                        "     skipDuplicateMapOutputs: true) ~> select2",
                        "select2, dimSaleperson lookup(SalespersonPersonID == WWISalesPersonID,",
                        "     multiple: false,",
                        "     pickup: 'any',",
                        "     broadcast: 'auto')~> getSalepersonKey",
                        "getSalepersonKey select(mapColumn(",
                        "          InvoiceID,",
                        "          CustomerID,",
                        "          BillToCustomerID,",
                        "          OrderID,",
                        "          InvoiceDate,",
                        "          Quantity,",
                        "          UnitPrice,",
                        "          TaxRate,",
                        "          TaxAmount,",
                        "          LineProfit,",
                        "          StockItemKey,",
                        "          SalespersonKey",
                        "     ),",
                        "     skipDuplicateMapInputs: true,",
                        "     skipDuplicateMapOutputs: true) ~> select3",
                        "select3, dimCustomer lookup(CustomerID == WWICustomerID,",
                        "     multiple: false,",
                        "     pickup: 'any',",
                        "     broadcast: 'auto')~> GetCustomerkey",
                        "GetCustomerkey select(mapColumn(",
                        "          InvoiceID,",
                        "          CustomerID,",
                        "          BillToCustomerID,",
                        "          OrderID,",
                        "          InvoiceDate,",
                        "          Quantity,",
                        "          UnitPrice,",
                        "          TaxRate,",
                        "          TaxAmount,",
                        "          LineProfit,",
                        "          StockItemKey,",
                        "          SalespersonKey,",
                        "          CustomerKey,",
                        "          DeliveryCityID",
                        "     ),",
                        "     skipDuplicateMapInputs: true,",
                        "     skipDuplicateMapOutputs: true) ~> select4",
                        "GetCityKey select(mapColumn(",
                        "          InvoiceID,",
                        "          CustomerID,",
                        "          BillToCustomerID,",
                        "          OrderID,",
                        "          InvoiceDate,",
                        "          Quantity,",
                        "          UnitPrice,",
                        "          TaxRate,",
                        "          TaxAmount,",
                        "          LineProfit,",
                        "          StockItemKey,",
                        "          SalespersonKey,",
                        "          CustomerKey,",
                        "          DeliveryCityID,",
                        "          CityKey",
                        "     ),",
                        "     skipDuplicateMapInputs: true,",
                        "     skipDuplicateMapOutputs: true) ~> select5",
                        "select5 derive(UnitProfit = LineProfit/Quantity,",
                        "          UnitCost = UnitPrice-(LineProfit/Quantity)) ~> addMeasure",
                        "dimdate derive(Date = toTimestamp(toString(FullDate, 'yyyy-MM-dd'),'yyyy-MM-dd')) ~> covertDate",
                        "select4, dimarea lookup(DeliveryCityID == WWICityID,",
                        "     multiple: false,",
                        "     pickup: 'any',",
                        "     broadcast: 'auto')~> GetCityKey",
                        "addMeasure, dimdate lookup(InvoiceDate == FullDate,",
                        "     multiple: false,",
                        "     pickup: 'any',",
                        "     broadcast: 'auto')~> GetDateKey",
                        "GetDateKey select(mapColumn(",
                        "          InvoiceID,",
                        "          OrderID,",
                        "          InvoiceDate,",
                        "          Quantity,",
                        "          UnitPrice,",
                        "          TaxRate,",
                        "          TaxAmount,",
                        "          LineProfit,",
                        "          StockItemKey,",
                        "          SalespersonKey,",
                        "          CustomerKey,",
                        "          DeliveryCityID,",
                        "          CityKey,",
                        "          UnitProfit,",
                        "          UnitCost,",
                        "          DateKey",
                        "     ),",
                        "     skipDuplicateMapInputs: true,",
                        "     skipDuplicateMapOutputs: true) ~> select6",
                        "select6 keyGenerate(output(SaleKey as long),",
                        "     startAt: 1L,",
                        "     stepValue: 1L) ~> GetSaleKey",
                        "GetSaleKey sink(allowSchemaDrift: true,",
                        "     validateSchema: false,",
                        "     input(",
                        "          SalesID as integer,",
                        "          WWI_InvoiceID as integer,",
                        "          WWW_CityID as integer,",
                        "          SalesPersonID as integer,",
                        "          CustomerID as integer,",
                        "          StockItemID as integer,",
                        "          InvoiceDate as date,",
                        "          Quantity as integer,",
                        "          UnitPrice as decimal(18,2),",
                        "          LineProfit as decimal(18,2),",
                        "          TaxRate as decimal(18,2),",
                        "          TaxAmount as decimal(18,2),",
                        "          UnitProfit as decimal(18,2),",
                        "          UnitCost as decimal(18,2)",
                        "     ),",
                        "     deletable:false,",
                        "     insertable:true,",
                        "     updateable:false,",
                        "     upsertable:false,",
                        "     format: 'table',",
                        "     skipDuplicateMapInputs: true,",
                        "     skipDuplicateMapOutputs: true,",
                        "     errorHandlingOption: 'stopOnFirstError') ~> sink1"
                    ]
                }
            },
            "dependsOn": [
                "[concat(variables('factoryId'), '/datasets/stgInvoice')]",
                "[concat(variables('factoryId'), '/datasets/stginvoiceline')]",
                "[concat(variables('factoryId'), '/datasets/dimstockitem')]",
                "[concat(variables('factoryId'), '/datasets/dimsaleperson')]",
                "[concat(variables('factoryId'), '/datasets/dimArea')]",
                "[concat(variables('factoryId'), '/datasets/dimcustomer')]",
                "[concat(variables('factoryId'), '/datasets/DimDate')]",
                "[concat(variables('factoryId'), '/datasets/factSale')]"
            ]
        },
        {
            "name": "[concat(parameters('factoryName'), '/LoadFactOrder')]",
            "type": "Microsoft.DataFactory/factories/dataflows",
            "apiVersion": "2018-06-01",
            "properties": {
                "type": "MappingDataFlow",
                "typeProperties": {
                    "sources": [
                        {
                            "dataset": {
                                "referenceName": "stgOrderLine",
                                "type": "DatasetReference"
                            },
                            "name": "stgOrderLines"
                        },
                        {
                            "dataset": {
                                "referenceName": "WWIstgOrder",
                                "type": "DatasetReference"
                            },
                            "name": "stgOrder"
                        },
                        {
                            "dataset": {
                                "referenceName": "dimcustomer",
                                "type": "DatasetReference"
                            },
                            "name": "DimCustomer"
                        },
                        {
                            "dataset": {
                                "referenceName": "dimsaleperson",
                                "type": "DatasetReference"
                            },
                            "name": "DimSalePerson"
                        },
                        {
                            "dataset": {
                                "referenceName": "dimstockitem",
                                "type": "DatasetReference"
                            },
                            "name": "DimStockItem"
                        },
                        {
                            "dataset": {
                                "referenceName": "dimArea",
                                "type": "DatasetReference"
                            },
                            "name": "DimArea"
                        },
                        {
                            "dataset": {
                                "referenceName": "DimDate",
                                "type": "DatasetReference"
                            },
                            "name": "DimDate"
                        }
                    ],
                    "sinks": [
                        {
                            "dataset": {
                                "referenceName": "factOrder",
                                "type": "DatasetReference"
                            },
                            "name": "sink1"
                        }
                    ],
                    "transformations": [
                        {
                            "name": "JoinOLandO"
                        },
                        {
                            "name": "select1"
                        },
                        {
                            "name": "GetCustomerKey"
                        },
                        {
                            "name": "select2"
                        },
                        {
                            "name": "GetSalepersonKey"
                        },
                        {
                            "name": "join1"
                        },
                        {
                            "name": "select3"
                        },
                        {
                            "name": "select4"
                        },
                        {
                            "name": "getCityKey"
                        },
                        {
                            "name": "GetDateKey"
                        },
                        {
                            "name": "getOrderLineKey"
                        }
                    ],
                    "scriptLines": [
                        "source(output(",
                        "          OrderLineID as integer,",
                        "          OrderID as integer,",
                        "          StockItemID as integer,",
                        "          Description as string,",
                        "          PackageTypeID as integer,",
                        "          Quantity as integer,",
                        "          UnitPrice as decimal(18,2),",
                        "          TaxRate as decimal(18,3),",
                        "          PickedQuantity as integer,",
                        "          PickingCompletedWhen as timestamp,",
                        "          LastEditedBy as integer,",
                        "          LastEditedWhen as timestamp",
                        "     ),",
                        "     allowSchemaDrift: true,",
                        "     validateSchema: false,",
                        "     isolationLevel: 'READ_UNCOMMITTED',",
                        "     format: 'table') ~> stgOrderLines",
                        "source(output(",
                        "          OrderID as integer,",
                        "          CustomerID as integer,",
                        "          SalespersonPersonID as integer,",
                        "          PickedByPersonID as integer,",
                        "          ContactPersonID as integer,",
                        "          BackorderOrderID as integer,",
                        "          OrderDate as date,",
                        "          ExpectedDeliveryDate as date,",
                        "          CustomerPurchaseOrderNumber as string,",
                        "          IsUndersupplyBackordered as boolean,",
                        "          Comments as string,",
                        "          DeliveryInstructions as string,",
                        "          InternalComments as string,",
                        "          PickingCompletedWhen as timestamp,",
                        "          LastEditedBy as integer,",
                        "          LastEditedWhen as timestamp",
                        "     ),",
                        "     allowSchemaDrift: true,",
                        "     validateSchema: false,",
                        "     isolationLevel: 'READ_UNCOMMITTED',",
                        "     format: 'table') ~> stgOrder",
                        "source(output(",
                        "          CustomerKey as integer,",
                        "          WWICustomerID as integer,",
                        "          Customer as string,",
                        "          PhoneNumber as string,",
                        "          DeliveryPostalCode as string,",
                        "          ValidFrom as timestamp,",
                        "          ValidTo as timestamp,",
                        "          CustomerCategory as string,",
                        "          DeliveryCityID as integer",
                        "     ),",
                        "     allowSchemaDrift: true,",
                        "     validateSchema: false,",
                        "     isolationLevel: 'READ_UNCOMMITTED',",
                        "     format: 'table') ~> DimCustomer",
                        "source(output(",
                        "          SalespersonKey as integer,",
                        "          WWISalesPersonID as integer,",
                        "          FullName as string,",
                        "          PhoneNumber as string,",
                        "          EmailAddress as string,",
                        "          ValidFrom as timestamp,",
                        "          ValidTo as timestamp",
                        "     ),",
                        "     allowSchemaDrift: true,",
                        "     validateSchema: false,",
                        "     isolationLevel: 'READ_UNCOMMITTED',",
                        "     format: 'table') ~> DimSalePerson",
                        "source(output(",
                        "          StockItemKey as integer,",
                        "          WWIStockItemID as integer,",
                        "          StockItem as string,",
                        "          SellingPackage as string,",
                        "          BuyingPackage as string,",
                        "          Brand as string,",
                        "          Barcode as string,",
                        "          QuantityPerOuter as integer,",
                        "          TaxRate as decimal(18,3),",
                        "          UnitPrice as decimal(18,2),",
                        "          RecommendedRetailPrice as decimal(18,2),",
                        "          ValidFrom as timestamp,",
                        "          ValidTo as timestamp",
                        "     ),",
                        "     allowSchemaDrift: true,",
                        "     validateSchema: false,",
                        "     isolationLevel: 'READ_UNCOMMITTED',",
                        "     format: 'table') ~> DimStockItem",
                        "source(output(",
                        "          CityKey as integer,",
                        "          WWICityID as integer,",
                        "          StateProvince as string,",
                        "          Country as string,",
                        "          SalesTerritory as string,",
                        "          Region as string,",
                        "          Subregion as string,",
                        "          ValidFrom as timestamp,",
                        "          ValidTo as timestamp",
                        "     ),",
                        "     allowSchemaDrift: true,",
                        "     validateSchema: false,",
                        "     isolationLevel: 'READ_UNCOMMITTED',",
                        "     format: 'table') ~> DimArea",
                        "source(output(",
                        "          DateKey as integer,",
                        "          FullDate as date,",
                        "          Day as integer,",
                        "          Month as integer,",
                        "          Quarter as integer,",
                        "          Year as integer,",
                        "          Weekday as integer,",
                        "          Week as integer,",
                        "          DayName as string,",
                        "          MonthName as string,",
                        "          QuarterName as string,",
                        "          IsWeekend as boolean,",
                        "          IsHoliday as boolean",
                        "     ),",
                        "     allowSchemaDrift: true,",
                        "     validateSchema: false,",
                        "     isolationLevel: 'READ_UNCOMMITTED',",
                        "     format: 'table') ~> DimDate",
                        "stgOrderLines, stgOrder join(stgOrderLines@OrderID == stgOrder@OrderID,",
                        "     joinType:'inner',",
                        "     matchType:'exact',",
                        "     ignoreSpaces: false,",
                        "     broadcast: 'auto')~> JoinOLandO",
                        "JoinOLandO select(mapColumn(",
                        "          OrderLineID,",
                        "          OrderID = stgOrderLines@OrderID,",
                        "          StockItemID,",
                        "          Quantity,",
                        "          UnitPrice,",
                        "          TaxRate,",
                        "          CustomerID,",
                        "          SalespersonPersonID,",
                        "          BackorderOrderID,",
                        "          OrderDate",
                        "     ),",
                        "     skipDuplicateMapInputs: true,",
                        "     skipDuplicateMapOutputs: true) ~> select1",
                        "select1, DimCustomer lookup(CustomerID == WWICustomerID,",
                        "     multiple: false,",
                        "     pickup: 'any',",
                        "     broadcast: 'auto')~> GetCustomerKey",
                        "GetCustomerKey select(mapColumn(",
                        "          OrderLineID,",
                        "          OrderID,",
                        "          StockItemID,",
                        "          Quantity,",
                        "          UnitPrice,",
                        "          TaxRate,",
                        "          SalespersonPersonID,",
                        "          BackorderOrderID,",
                        "          OrderDate,",
                        "          CustomerKey,",
                        "          DeliveryCityID",
                        "     ),",
                        "     skipDuplicateMapInputs: true,",
                        "     skipDuplicateMapOutputs: true) ~> select2",
                        "select2, DimSalePerson lookup(SalespersonPersonID == WWISalesPersonID,",
                        "     multiple: false,",
                        "     pickup: 'any',",
                        "     broadcast: 'auto')~> GetSalepersonKey",
                        "DimCustomer, DimArea join(DeliveryCityID == WWICityID,",
                        "     joinType:'inner',",
                        "     matchType:'exact',",
                        "     ignoreSpaces: false,",
                        "     broadcast: 'auto')~> join1",
                        "getCityKey select(mapColumn(",
                        "          OrderLineID,",
                        "          OrderID,",
                        "          StockItemID,",
                        "          Quantity,",
                        "          UnitPrice,",
                        "          TaxRate,",
                        "          SalespersonPersonID,",
                        "          BackorderOrderID,",
                        "          OrderDate,",
                        "          CustomerKey,",
                        "          DeliveryCityID,",
                        "          SalespersonKey,",
                        "          CityKey",
                        "     ),",
                        "     skipDuplicateMapInputs: true,",
                        "     skipDuplicateMapOutputs: true) ~> select3",
                        "GetDateKey select(mapColumn(",
                        "          OrderLineID,",
                        "          OrderID,",
                        "          StockItemID,",
                        "          Quantity,",
                        "          UnitPrice,",
                        "          TaxRate,",
                        "          BackorderOrderID,",
                        "          OrderDate,",
                        "          CustomerKey,",
                        "          DeliveryCityID,",
                        "          SalespersonKey,",
                        "          CityKey,",
                        "          DateKey",
                        "     ),",
                        "     skipDuplicateMapInputs: true,",
                        "     skipDuplicateMapOutputs: true) ~> select4",
                        "GetSalepersonKey, DimArea lookup(DeliveryCityID == WWICityID,",
                        "     multiple: false,",
                        "     pickup: 'any',",
                        "     broadcast: 'auto')~> getCityKey",
                        "select3, DimDate lookup(OrderDate == FullDate,",
                        "     multiple: false,",
                        "     pickup: 'any',",
                        "     broadcast: 'auto')~> GetDateKey",
                        "select4 keyGenerate(output(OrderLineKey as long),",
                        "     startAt: 1L,",
                        "     stepValue: 1L) ~> getOrderLineKey",
                        "getOrderLineKey sink(allowSchemaDrift: true,",
                        "     validateSchema: false,",
                        "     input(",
                        "          OrderLineID as integer,",
                        "          OrderID as integer,",
                        "          StockItemID as integer,",
                        "          Quantity as integer,",
                        "          UnitPrice as decimal(18,2),",
                        "          TaxRate as decimal(18,3),",
                        "          CustomerKey as integer,",
                        "          SalespersonPersonKey as integer,",
                        "          BackorderOrderID as integer,",
                        "          OrderDate as date,",
                        "          DeliveryCityID as integer,",
                        "          CityKey as integer,",
                        "          DateKey as integer,",
                        "          OrderLineKey as integer",
                        "     ),",
                        "     deletable:false,",
                        "     insertable:true,",
                        "     updateable:false,",
                        "     upsertable:false,",
                        "     format: 'table',",
                        "     skipDuplicateMapInputs: true,",
                        "     skipDuplicateMapOutputs: true,",
                        "     errorHandlingOption: 'stopOnFirstError') ~> sink1"
                    ]
                }
            },
            "dependsOn": [
                "[concat(variables('factoryId'), '/datasets/stgOrderLine')]",
                "[concat(variables('factoryId'), '/datasets/WWIstgOrder')]",
                "[concat(variables('factoryId'), '/datasets/dimcustomer')]",
                "[concat(variables('factoryId'), '/datasets/dimsaleperson')]",
                "[concat(variables('factoryId'), '/datasets/dimstockitem')]",
                "[concat(variables('factoryId'), '/datasets/dimArea')]",
                "[concat(variables('factoryId'), '/datasets/DimDate')]",
                "[concat(variables('factoryId'), '/datasets/factOrder')]"
            ]
        },
        {
            "name": "[concat(parameters('factoryName'), '/wwi_local')]",
            "type": "Microsoft.DataFactory/factories/datasets",
            "apiVersion": "2018-06-01",
            "properties": {
                "linkedServiceName": {
                    "referenceName": "LsOnprem",
                    "type": "LinkedServiceReference"
                },
                "annotations": [],
                "type": "SqlServerTable",
                "schema": [],
                "typeProperties": {}
            },
            "dependsOn": [
                "[concat(variables('factoryId'), '/linkedServices/LsOnprem')]"
            ]
        }
    ]
}