{
	"name": "dimcustomer",
	"properties": {
		"linkedServiceName": {
			"referenceName": "lsWWIcloud",
			"type": "LinkedServiceReference"
		},
		"annotations": [],
		"type": "AzureSqlTable",
		"schema": [
			{
				"name": "CustomerKey",
				"type": "int",
				"precision": 10
			},
			{
				"name": "WWICustomerID",
				"type": "int",
				"precision": 10
			},
			{
				"name": "Customer",
				"type": "nvarchar"
			},
			{
				"name": "PhoneNumber",
				"type": "nvarchar"
			},
			{
				"name": "DeliveryPostalCode",
				"type": "nvarchar"
			},
			{
				"name": "ValidFrom",
				"type": "datetime2",
				"scale": 7
			},
			{
				"name": "ValidTo",
				"type": "datetime2",
				"scale": 7
			},
			{
				"name": "CustomerCategory",
				"type": "nvarchar"
			},
			{
				"name": "DeliveryCityID",
				"type": "int",
				"precision": 10
			}
		],
		"typeProperties": {
			"schema": "DIM",
			"table": "Customer"
		}
	},
	"type": "Microsoft.DataFactory/factories/datasets"
}