{
	"name": "dimstockitem",
	"properties": {
		"linkedServiceName": {
			"referenceName": "lsWWIcloud",
			"type": "LinkedServiceReference"
		},
		"annotations": [],
		"type": "AzureSqlTable",
		"schema": [
			{
				"name": "StockItemKey",
				"type": "int",
				"precision": 10
			},
			{
				"name": "WWIStockItemID",
				"type": "int",
				"precision": 10
			},
			{
				"name": "StockItem",
				"type": "nvarchar"
			},
			{
				"name": "SellingPackage",
				"type": "nvarchar"
			},
			{
				"name": "BuyingPackage",
				"type": "nvarchar"
			},
			{
				"name": "Brand",
				"type": "nvarchar"
			},
			{
				"name": "Barcode",
				"type": "nvarchar"
			},
			{
				"name": "QuantityPerOuter",
				"type": "int",
				"precision": 10
			},
			{
				"name": "TaxRate",
				"type": "decimal",
				"precision": 18,
				"scale": 3
			},
			{
				"name": "UnitPrice",
				"type": "decimal",
				"precision": 18,
				"scale": 2
			},
			{
				"name": "RecommendedRetailPrice",
				"type": "decimal",
				"precision": 18,
				"scale": 2
			},
			{
				"name": "ValidFrom",
				"type": "datetime2",
				"scale": 7
			},
			{
				"name": "ValidTo",
				"type": "datetime2",
				"scale": 7
			}
		],
		"typeProperties": {
			"schema": "DIM",
			"table": "StockItem"
		}
	},
	"type": "Microsoft.DataFactory/factories/datasets"
}