{
	"name": "factSale",
	"properties": {
		"linkedServiceName": {
			"referenceName": "lsWWIcloud",
			"type": "LinkedServiceReference"
		},
		"annotations": [],
		"type": "AzureSqlTable",
		"schema": [
			{
				"name": "SalesID",
				"type": "int",
				"precision": 10
			},
			{
				"name": "WWI_InvoiceID",
				"type": "int",
				"precision": 10
			},
			{
				"name": "WWW_CityID",
				"type": "int",
				"precision": 10
			},
			{
				"name": "SalesPersonID",
				"type": "int",
				"precision": 10
			},
			{
				"name": "CustomerID",
				"type": "int",
				"precision": 10
			},
			{
				"name": "StockItemID",
				"type": "int",
				"precision": 10
			},
			{
				"name": "InvoiceDate",
				"type": "date"
			},
			{
				"name": "Quantity",
				"type": "int",
				"precision": 10
			},
			{
				"name": "UnitPrice",
				"type": "decimal",
				"precision": 18,
				"scale": 2
			},
			{
				"name": "LineProfit",
				"type": "decimal",
				"precision": 18,
				"scale": 2
			},
			{
				"name": "TaxRate",
				"type": "decimal",
				"precision": 18,
				"scale": 2
			},
			{
				"name": "TaxAmount",
				"type": "decimal",
				"precision": 18,
				"scale": 2
			},
			{
				"name": "UnitProfit",
				"type": "decimal",
				"precision": 18,
				"scale": 2
			},
			{
				"name": "UnitCost",
				"type": "decimal",
				"precision": 18,
				"scale": 2
			}
		],
		"typeProperties": {
			"schema": "fact",
			"table": "Sales"
		}
	},
	"type": "Microsoft.DataFactory/factories/datasets"
}