{
	"name": "stginvoiceline",
	"properties": {
		"linkedServiceName": {
			"referenceName": "lsWWIcloud",
			"type": "LinkedServiceReference"
		},
		"annotations": [],
		"type": "AzureSqlTable",
		"schema": [
			{
				"name": "InvoiceLineID",
				"type": "int",
				"precision": 10
			},
			{
				"name": "InvoiceID",
				"type": "int",
				"precision": 10
			},
			{
				"name": "StockItemID",
				"type": "int",
				"precision": 10
			},
			{
				"name": "Description",
				"type": "nvarchar"
			},
			{
				"name": "PackageTypeID",
				"type": "int",
				"precision": 10
			},
			{
				"name": "Quantity",
				"type": "int",
				"precision": 10
			},
			{
				"name": "UnitPrice",
				"type": "decimal",
				"precision": 18,
				"scale": 2
			},
			{
				"name": "TaxRate",
				"type": "decimal",
				"precision": 18,
				"scale": 3
			},
			{
				"name": "TaxAmount",
				"type": "decimal",
				"precision": 18,
				"scale": 2
			},
			{
				"name": "LineProfit",
				"type": "decimal",
				"precision": 18,
				"scale": 2
			},
			{
				"name": "ExtendedPrice",
				"type": "decimal",
				"precision": 18,
				"scale": 2
			},
			{
				"name": "LastEditedBy",
				"type": "int",
				"precision": 10
			},
			{
				"name": "LastEditedWhen",
				"type": "datetime2",
				"scale": 7
			}
		],
		"typeProperties": {
			"schema": "stg",
			"table": "InvoiceLines"
		}
	},
	"type": "Microsoft.DataFactory/factories/datasets"
}