{
	"name": "LoadDimtable",
	"properties": {
		"activities": [
			{
				"name": "DimCostomer",
				"type": "Copy",
				"dependsOn": [],
				"policy": {
					"timeout": "0.12:00:00",
					"retry": 0,
					"retryIntervalInSeconds": 30,
					"secureOutput": false,
					"secureInput": false
				},
				"userProperties": [],
				"typeProperties": {
					"source": {
						"type": "SqlServerSource",
						"sqlReaderQuery": "SELECT \nROW_NUMBER() OVER (ORDER BY Cus.CustomerID) AS CustomerKey,\n\t\tCus.CustomerID as [WWICustomerID],\n\t\tCus.CustomerName as Customer,\n\t\tCus.PhoneNumber,\n\t\tCus.DeliveryPostalCode,\n\t\tCus.ValidFrom,\n\t\tCus.ValidTo,\n\t\tCus.DeliveryCityID,\n\t\tCusCate.CustomerCategoryName as CustomerCategory\n\t\nFROM Sales.Customers Cus \nJOIN \n\tSales.CustomerCategories CusCate\n\t\ton Cus.CustomerCategoryID = CusCate.CustomerCategoryID ",
						"queryTimeout": "02:00:00",
						"partitionOption": "None"
					},
					"sink": {
						"type": "AzureSqlSink",
						"writeBehavior": "insert",
						"sqlWriterUseTableLock": false
					},
					"enableStaging": false,
					"translator": {
						"type": "TabularTranslator",
						"mappings": [
							{
								"source": {
									"name": "CustomerKey",
									"type": "Int64",
									"physicalType": "bigint"
								},
								"sink": {
									"name": "CustomerKey",
									"type": "Int32",
									"physicalType": "int"
								}
							},
							{
								"source": {
									"name": "WWICustomerID",
									"type": "Int32",
									"physicalType": "int"
								},
								"sink": {
									"name": "WWICustomerID",
									"type": "Int32",
									"physicalType": "int"
								}
							},
							{
								"source": {
									"name": "Customer",
									"type": "String",
									"physicalType": "nvarchar"
								},
								"sink": {
									"name": "Customer",
									"type": "String",
									"physicalType": "nvarchar"
								}
							},
							{
								"source": {
									"name": "PhoneNumber",
									"type": "String",
									"physicalType": "nvarchar"
								},
								"sink": {
									"name": "PhoneNumber",
									"type": "String",
									"physicalType": "nvarchar"
								}
							},
							{
								"source": {
									"name": "DeliveryPostalCode",
									"type": "String",
									"physicalType": "nvarchar"
								},
								"sink": {
									"name": "DeliveryPostalCode",
									"type": "String",
									"physicalType": "nvarchar"
								}
							},
							{
								"source": {
									"name": "ValidFrom",
									"type": "DateTime",
									"physicalType": "datetime2"
								},
								"sink": {
									"name": "ValidFrom",
									"type": "DateTime",
									"physicalType": "datetime2"
								}
							},
							{
								"source": {
									"name": "ValidTo",
									"type": "DateTime",
									"physicalType": "datetime2"
								},
								"sink": {
									"name": "ValidTo",
									"type": "DateTime",
									"physicalType": "datetime2"
								}
							},
							{
								"source": {
									"name": "CustomerCategory",
									"type": "String",
									"physicalType": "nvarchar"
								},
								"sink": {
									"name": "CustomerCategory",
									"type": "String",
									"physicalType": "nvarchar"
								}
							},
							{
								"source": {
									"name": "DeliveryCityID",
									"type": "Int32",
									"physicalType": "int"
								},
								"sink": {
									"name": "DeliveryCityID",
									"type": "Int32",
									"physicalType": "int"
								}
							}
						],
						"typeConversion": true,
						"typeConversionSettings": {
							"allowDataTruncation": true,
							"treatBooleanAsNumber": false
						}
					}
				},
				"inputs": [
					{
						"referenceName": "wwi_local",
						"type": "DatasetReference"
					}
				],
				"outputs": [
					{
						"referenceName": "dimcustomer",
						"type": "DatasetReference"
					}
				]
			},
			{
				"name": "DimStockItem",
				"type": "Copy",
				"dependsOn": [],
				"policy": {
					"timeout": "0.12:00:00",
					"retry": 0,
					"retryIntervalInSeconds": 30,
					"secureOutput": false,
					"secureInput": false
				},
				"userProperties": [],
				"typeProperties": {
					"source": {
						"type": "SqlServerSource",
						"sqlReaderQuery": "Select \t\tROW_NUMBER() OVER (ORDER BY S.StockItemID) AS StockItemkey,\nS.StockItemID as WWIStockItemID,\nS.StockItemName as StockItem, \nS.Brand, \nS.Barcode, \nS.QuantityPerOuter,\nS.TaxRate,\nS.UnitPrice, \nS.RecommendedRetailPrice, \nS.ValidFrom, \nS.ValidTo\nfrom Warehouse.StockItems S",
						"queryTimeout": "02:00:00",
						"partitionOption": "None"
					},
					"sink": {
						"type": "AzureSqlSink",
						"writeBehavior": "insert",
						"sqlWriterUseTableLock": false
					},
					"enableStaging": false,
					"translator": {
						"type": "TabularTranslator",
						"mappings": [
							{
								"source": {
									"name": "StockItemkey",
									"type": "Int64",
									"physicalType": "bigint"
								},
								"sink": {
									"name": "StockItemKey",
									"type": "Int32",
									"physicalType": "int"
								}
							},
							{
								"source": {
									"name": "WWIStockItemID",
									"type": "Int32",
									"physicalType": "int"
								},
								"sink": {
									"name": "WWIStockItemID",
									"type": "Int32",
									"physicalType": "int"
								}
							},
							{
								"source": {
									"name": "StockItem",
									"type": "String",
									"physicalType": "nvarchar"
								},
								"sink": {
									"name": "StockItem",
									"type": "String",
									"physicalType": "nvarchar"
								}
							},
							{
								"source": {
									"name": "Brand",
									"type": "String",
									"physicalType": "nvarchar"
								},
								"sink": {
									"name": "Brand",
									"type": "String",
									"physicalType": "nvarchar"
								}
							},
							{
								"source": {
									"name": "Barcode",
									"type": "String",
									"physicalType": "nvarchar"
								},
								"sink": {
									"name": "Barcode",
									"type": "String",
									"physicalType": "nvarchar"
								}
							},
							{
								"source": {
									"name": "QuantityPerOuter",
									"type": "Int32",
									"physicalType": "int"
								},
								"sink": {
									"name": "QuantityPerOuter",
									"type": "Int32",
									"physicalType": "int"
								}
							},
							{
								"source": {
									"name": "TaxRate",
									"type": "Decimal",
									"physicalType": "decimal",
									"scale": 3,
									"precision": 18
								},
								"sink": {
									"name": "TaxRate",
									"type": "Decimal",
									"physicalType": "decimal",
									"scale": 3,
									"precision": 18
								}
							},
							{
								"source": {
									"name": "UnitPrice",
									"type": "Decimal",
									"physicalType": "decimal",
									"scale": 2,
									"precision": 18
								},
								"sink": {
									"name": "UnitPrice",
									"type": "Decimal",
									"physicalType": "decimal",
									"scale": 2,
									"precision": 18
								}
							},
							{
								"source": {
									"name": "RecommendedRetailPrice",
									"type": "Decimal",
									"physicalType": "decimal",
									"scale": 2,
									"precision": 18
								},
								"sink": {
									"name": "RecommendedRetailPrice",
									"type": "Decimal",
									"physicalType": "decimal",
									"scale": 2,
									"precision": 18
								}
							},
							{
								"source": {
									"name": "ValidFrom",
									"type": "DateTime",
									"physicalType": "datetime2"
								},
								"sink": {
									"name": "ValidFrom",
									"type": "DateTime",
									"physicalType": "datetime2"
								}
							},
							{
								"source": {
									"name": "ValidTo",
									"type": "DateTime",
									"physicalType": "datetime2"
								},
								"sink": {
									"name": "ValidTo",
									"type": "DateTime",
									"physicalType": "datetime2"
								}
							}
						],
						"typeConversion": true,
						"typeConversionSettings": {
							"allowDataTruncation": true,
							"treatBooleanAsNumber": false
						}
					}
				},
				"inputs": [
					{
						"referenceName": "wwi_local",
						"type": "DatasetReference"
					}
				],
				"outputs": [
					{
						"referenceName": "dimstockitem",
						"type": "DatasetReference"
					}
				]
			},
			{
				"name": "DimSaleperson",
				"type": "Copy",
				"dependsOn": [],
				"policy": {
					"timeout": "0.12:00:00",
					"retry": 0,
					"retryIntervalInSeconds": 30,
					"secureOutput": false,
					"secureInput": false
				},
				"userProperties": [],
				"typeProperties": {
					"source": {
						"type": "SqlServerSource",
						"sqlReaderQuery": "SELECT  ROW_NUMBER() OVER(ORDER BY PersonID) as [SalesPersonKey],\n\t\t[PersonID] as [WWISalesPersonID],\n\t\t[FullName],\n\t\t[PhoneNumber],\n\t\t[EmailAddress],\n\t\t[ValidFrom],\n\t\t[ValidTo]\nFROM Application.People\nWHERE [IsSalesperson] = 1\nORDER BY [PersonID] \n",
						"queryTimeout": "02:00:00",
						"partitionOption": "None"
					},
					"sink": {
						"type": "AzureSqlSink",
						"writeBehavior": "insert",
						"sqlWriterUseTableLock": false
					},
					"enableStaging": false,
					"translator": {
						"type": "TabularTranslator",
						"mappings": [
							{
								"source": {
									"name": "SalesPersonKey",
									"type": "Int64",
									"physicalType": "bigint"
								},
								"sink": {
									"name": "SalespersonKey",
									"type": "Int32",
									"physicalType": "int"
								}
							},
							{
								"source": {
									"name": "WWISalesPersonID",
									"type": "Int32",
									"physicalType": "int"
								},
								"sink": {
									"name": "WWISalesPersonID",
									"type": "Int32",
									"physicalType": "int"
								}
							},
							{
								"source": {
									"name": "FullName",
									"type": "String",
									"physicalType": "nvarchar"
								},
								"sink": {
									"name": "FullName",
									"type": "String",
									"physicalType": "nvarchar"
								}
							},
							{
								"source": {
									"name": "PhoneNumber",
									"type": "String",
									"physicalType": "nvarchar"
								},
								"sink": {
									"name": "PhoneNumber",
									"type": "String",
									"physicalType": "nvarchar"
								}
							},
							{
								"source": {
									"name": "EmailAddress",
									"type": "String",
									"physicalType": "nvarchar"
								},
								"sink": {
									"name": "EmailAddress",
									"type": "String",
									"physicalType": "nvarchar"
								}
							},
							{
								"source": {
									"name": "ValidFrom",
									"type": "DateTime",
									"physicalType": "datetime2"
								},
								"sink": {
									"name": "ValidFrom",
									"type": "DateTime",
									"physicalType": "datetime2"
								}
							},
							{
								"source": {
									"name": "ValidTo",
									"type": "DateTime",
									"physicalType": "datetime2"
								},
								"sink": {
									"name": "ValidTo",
									"type": "DateTime",
									"physicalType": "datetime2"
								}
							}
						],
						"typeConversion": true,
						"typeConversionSettings": {
							"allowDataTruncation": true,
							"treatBooleanAsNumber": false
						}
					}
				},
				"inputs": [
					{
						"referenceName": "wwi_local",
						"type": "DatasetReference"
					}
				],
				"outputs": [
					{
						"referenceName": "dimsaleperson",
						"type": "DatasetReference"
					}
				]
			},
			{
				"name": "DimArea",
				"type": "Copy",
				"dependsOn": [],
				"policy": {
					"timeout": "0.12:00:00",
					"retry": 0,
					"retryIntervalInSeconds": 30,
					"secureOutput": false,
					"secureInput": false
				},
				"userProperties": [],
				"typeProperties": {
					"source": {
						"type": "SqlServerSource",
						"sqlReaderQuery": "SELECT\tROW_NUMBER() OVER(ORDER BY Ci.CityID) as CityKey,\n\t\tCi.CityID as [WWICityID],\n\t\tCi.CityName as City, \n\t\tSP.StateProvinceName as StateProvince,\n\t\tCo.CountryName as Country,\n\t\tSP.SalesTerritory,\n\t\tCo.Subregion,\n\t\tCo.Region,\n\t\tCi.ValidFrom,\n\t\tCi.ValidTo\nFROM Application.Cities Ci JOIN \n\t Application.StateProvinces SP \n\t\ton Ci.StateProvinceID = SP.StateProvinceID JOIN\n\t Application.Countries Co  \n\t\ton SP.CountryID = Co.CountryID\nORDER BY Ci.CityID\n",
						"queryTimeout": "02:00:00",
						"partitionOption": "None"
					},
					"sink": {
						"type": "AzureSqlSink",
						"writeBehavior": "insert",
						"sqlWriterUseTableLock": false
					},
					"enableStaging": false,
					"translator": {
						"type": "TabularTranslator",
						"mappings": [
							{
								"source": {
									"name": "CityKey",
									"type": "Int64",
									"physicalType": "bigint"
								},
								"sink": {
									"name": "CityKey",
									"type": "Int32",
									"physicalType": "int"
								}
							},
							{
								"source": {
									"name": "WWICityID",
									"type": "Int32",
									"physicalType": "int"
								},
								"sink": {
									"name": "WWICityID",
									"type": "Int32",
									"physicalType": "int"
								}
							},
							{
								"source": {
									"name": "StateProvince",
									"type": "String",
									"physicalType": "nvarchar"
								},
								"sink": {
									"name": "StateProvince",
									"type": "String",
									"physicalType": "nvarchar"
								}
							},
							{
								"source": {
									"name": "Country",
									"type": "String",
									"physicalType": "nvarchar"
								},
								"sink": {
									"name": "Country",
									"type": "String",
									"physicalType": "nvarchar"
								}
							},
							{
								"source": {
									"name": "SalesTerritory",
									"type": "String",
									"physicalType": "nvarchar"
								},
								"sink": {
									"name": "SalesTerritory",
									"type": "String",
									"physicalType": "nvarchar"
								}
							},
							{
								"source": {
									"name": "Region",
									"type": "String",
									"physicalType": "nvarchar"
								},
								"sink": {
									"name": "Region",
									"type": "String",
									"physicalType": "nvarchar"
								}
							},
							{
								"source": {
									"name": "Subregion",
									"type": "String",
									"physicalType": "nvarchar"
								},
								"sink": {
									"name": "Subregion",
									"type": "String",
									"physicalType": "nvarchar"
								}
							},
							{
								"source": {
									"name": "ValidFrom",
									"type": "DateTime",
									"physicalType": "datetime2"
								},
								"sink": {
									"name": "ValidFrom",
									"type": "DateTime",
									"physicalType": "datetime2"
								}
							},
							{
								"source": {
									"name": "ValidTo",
									"type": "DateTime",
									"physicalType": "datetime2"
								},
								"sink": {
									"name": "ValidTo",
									"type": "DateTime",
									"physicalType": "datetime2"
								}
							}
						],
						"typeConversion": true,
						"typeConversionSettings": {
							"allowDataTruncation": true,
							"treatBooleanAsNumber": false
						}
					}
				},
				"inputs": [
					{
						"referenceName": "wwi_local",
						"type": "DatasetReference"
					}
				],
				"outputs": [
					{
						"referenceName": "dimArea",
						"type": "DatasetReference"
					}
				]
			},
			{
				"name": "stg_stockholding",
				"type": "Copy",
				"dependsOn": [],
				"policy": {
					"timeout": "0.12:00:00",
					"retry": 0,
					"retryIntervalInSeconds": 30,
					"secureOutput": false,
					"secureInput": false
				},
				"userProperties": [],
				"typeProperties": {
					"source": {
						"type": "SqlServerSource",
						"queryTimeout": "02:00:00",
						"partitionOption": "None"
					},
					"sink": {
						"type": "AzureSqlSink",
						"writeBehavior": "insert",
						"sqlWriterUseTableLock": false
					},
					"enableStaging": false,
					"translator": {
						"type": "TabularTranslator",
						"mappings": [
							{
								"source": {
									"name": "StockItemID",
									"type": "Int32",
									"physicalType": "int"
								},
								"sink": {
									"name": "StockItemID",
									"type": "Int32",
									"physicalType": "int"
								}
							},
							{
								"source": {
									"name": "QuantityOnHand",
									"type": "Int32",
									"physicalType": "int"
								},
								"sink": {
									"name": "QuantityOnHand",
									"type": "Int32",
									"physicalType": "int"
								}
							},
							{
								"source": {
									"name": "BinLocation",
									"type": "String",
									"physicalType": "nvarchar"
								},
								"sink": {
									"name": "BinLocation",
									"type": "String",
									"physicalType": "nvarchar"
								}
							},
							{
								"source": {
									"name": "LastStocktakeQuantity",
									"type": "Int32",
									"physicalType": "int"
								},
								"sink": {
									"name": "LastStocktakeQuantity",
									"type": "Int32",
									"physicalType": "int"
								}
							},
							{
								"source": {
									"name": "LastCostPrice",
									"type": "Decimal",
									"physicalType": "decimal",
									"scale": 2,
									"precision": 18
								},
								"sink": {
									"name": "LastCostPrice",
									"type": "Decimal",
									"physicalType": "decimal",
									"scale": 2,
									"precision": 18
								}
							},
							{
								"source": {
									"name": "ReorderLevel",
									"type": "Int32",
									"physicalType": "int"
								},
								"sink": {
									"name": "ReorderLevel",
									"type": "Int32",
									"physicalType": "int"
								}
							},
							{
								"source": {
									"name": "TargetStockLevel",
									"type": "Int32",
									"physicalType": "int"
								},
								"sink": {
									"name": "TargetStockLevel",
									"type": "Int32",
									"physicalType": "int"
								}
							},
							{
								"source": {
									"name": "LastEditedBy",
									"type": "Int32",
									"physicalType": "int"
								},
								"sink": {
									"name": "LastEditedBy",
									"type": "Int32",
									"physicalType": "int"
								}
							},
							{
								"source": {
									"name": "LastEditedWhen",
									"type": "DateTime",
									"physicalType": "datetime2"
								},
								"sink": {
									"name": "LastEditedWhen",
									"type": "DateTime",
									"physicalType": "datetime2"
								}
							}
						],
						"typeConversion": true,
						"typeConversionSettings": {
							"allowDataTruncation": true,
							"treatBooleanAsNumber": false
						}
					}
				},
				"inputs": [
					{
						"referenceName": "stg_stockholding",
						"type": "DatasetReference"
					}
				],
				"outputs": [
					{
						"referenceName": "stg_StockItemHoldings",
						"type": "DatasetReference"
					}
				]
			},
			{
				"name": "stgOrderLine",
				"type": "Copy",
				"dependsOn": [],
				"policy": {
					"timeout": "0.12:00:00",
					"retry": 0,
					"retryIntervalInSeconds": 30,
					"secureOutput": false,
					"secureInput": false
				},
				"userProperties": [],
				"typeProperties": {
					"source": {
						"type": "SqlServerSource",
						"queryTimeout": "02:00:00",
						"partitionOption": "None"
					},
					"sink": {
						"type": "AzureSqlSink",
						"writeBehavior": "insert",
						"sqlWriterUseTableLock": false
					},
					"enableStaging": false,
					"translator": {
						"type": "TabularTranslator",
						"mappings": [
							{
								"source": {
									"name": "OrderLineID",
									"type": "Int32",
									"physicalType": "int"
								},
								"sink": {
									"name": "OrderLineID",
									"type": "Int32",
									"physicalType": "int"
								}
							},
							{
								"source": {
									"name": "OrderID",
									"type": "Int32",
									"physicalType": "int"
								},
								"sink": {
									"name": "OrderID",
									"type": "Int32",
									"physicalType": "int"
								}
							},
							{
								"source": {
									"name": "StockItemID",
									"type": "Int32",
									"physicalType": "int"
								},
								"sink": {
									"name": "StockItemID",
									"type": "Int32",
									"physicalType": "int"
								}
							},
							{
								"source": {
									"name": "Description",
									"type": "String",
									"physicalType": "nvarchar"
								},
								"sink": {
									"name": "Description",
									"type": "String",
									"physicalType": "nvarchar"
								}
							},
							{
								"source": {
									"name": "PackageTypeID",
									"type": "Int32",
									"physicalType": "int"
								},
								"sink": {
									"name": "PackageTypeID",
									"type": "Int32",
									"physicalType": "int"
								}
							},
							{
								"source": {
									"name": "Quantity",
									"type": "Int32",
									"physicalType": "int"
								},
								"sink": {
									"name": "Quantity",
									"type": "Int32",
									"physicalType": "int"
								}
							},
							{
								"source": {
									"name": "UnitPrice",
									"type": "Decimal",
									"physicalType": "decimal",
									"scale": 2,
									"precision": 18
								},
								"sink": {
									"name": "UnitPrice",
									"type": "Decimal",
									"physicalType": "decimal",
									"scale": 2,
									"precision": 18
								}
							},
							{
								"source": {
									"name": "TaxRate",
									"type": "Decimal",
									"physicalType": "decimal",
									"scale": 3,
									"precision": 18
								},
								"sink": {
									"name": "TaxRate",
									"type": "Decimal",
									"physicalType": "decimal",
									"scale": 3,
									"precision": 18
								}
							},
							{
								"source": {
									"name": "PickedQuantity",
									"type": "Int32",
									"physicalType": "int"
								},
								"sink": {
									"name": "PickedQuantity",
									"type": "Int32",
									"physicalType": "int"
								}
							},
							{
								"source": {
									"name": "PickingCompletedWhen",
									"type": "DateTime",
									"physicalType": "datetime2"
								},
								"sink": {
									"name": "PickingCompletedWhen",
									"type": "DateTime",
									"physicalType": "datetime2"
								}
							},
							{
								"source": {
									"name": "LastEditedBy",
									"type": "Int32",
									"physicalType": "int"
								},
								"sink": {
									"name": "LastEditedBy",
									"type": "Int32",
									"physicalType": "int"
								}
							},
							{
								"source": {
									"name": "LastEditedWhen",
									"type": "DateTime",
									"physicalType": "datetime2"
								},
								"sink": {
									"name": "LastEditedWhen",
									"type": "DateTime",
									"physicalType": "datetime2"
								}
							}
						],
						"typeConversion": true,
						"typeConversionSettings": {
							"allowDataTruncation": true,
							"treatBooleanAsNumber": false
						}
					}
				},
				"inputs": [
					{
						"referenceName": "OrderLine",
						"type": "DatasetReference"
					}
				],
				"outputs": [
					{
						"referenceName": "stgOrderLine",
						"type": "DatasetReference"
					}
				]
			},
			{
				"name": "stgOrder",
				"type": "Copy",
				"dependsOn": [],
				"policy": {
					"timeout": "0.12:00:00",
					"retry": 0,
					"retryIntervalInSeconds": 30,
					"secureOutput": false,
					"secureInput": false
				},
				"userProperties": [],
				"typeProperties": {
					"source": {
						"type": "SqlServerSource",
						"queryTimeout": "02:00:00",
						"partitionOption": "None"
					},
					"sink": {
						"type": "AzureSqlSink",
						"writeBehavior": "insert",
						"sqlWriterUseTableLock": false
					},
					"enableStaging": false,
					"translator": {
						"type": "TabularTranslator",
						"mappings": [
							{
								"source": {
									"name": "OrderID",
									"type": "Int32",
									"physicalType": "int"
								},
								"sink": {
									"name": "OrderID",
									"type": "Int32",
									"physicalType": "int"
								}
							},
							{
								"source": {
									"name": "CustomerID",
									"type": "Int32",
									"physicalType": "int"
								},
								"sink": {
									"name": "CustomerID",
									"type": "Int32",
									"physicalType": "int"
								}
							},
							{
								"source": {
									"name": "SalespersonPersonID",
									"type": "Int32",
									"physicalType": "int"
								},
								"sink": {
									"name": "SalespersonPersonID",
									"type": "Int32",
									"physicalType": "int"
								}
							},
							{
								"source": {
									"name": "PickedByPersonID",
									"type": "Int32",
									"physicalType": "int"
								},
								"sink": {
									"name": "PickedByPersonID",
									"type": "Int32",
									"physicalType": "int"
								}
							},
							{
								"source": {
									"name": "ContactPersonID",
									"type": "Int32",
									"physicalType": "int"
								},
								"sink": {
									"name": "ContactPersonID",
									"type": "Int32",
									"physicalType": "int"
								}
							},
							{
								"source": {
									"name": "BackorderOrderID",
									"type": "Int32",
									"physicalType": "int"
								},
								"sink": {
									"name": "BackorderOrderID",
									"type": "Int32",
									"physicalType": "int"
								}
							},
							{
								"source": {
									"name": "OrderDate",
									"type": "DateTime",
									"physicalType": "date"
								},
								"sink": {
									"name": "OrderDate",
									"type": "DateTime",
									"physicalType": "date"
								}
							},
							{
								"source": {
									"name": "ExpectedDeliveryDate",
									"type": "DateTime",
									"physicalType": "date"
								},
								"sink": {
									"name": "ExpectedDeliveryDate",
									"type": "DateTime",
									"physicalType": "date"
								}
							},
							{
								"source": {
									"name": "CustomerPurchaseOrderNumber",
									"type": "String",
									"physicalType": "nvarchar"
								},
								"sink": {
									"name": "CustomerPurchaseOrderNumber",
									"type": "String",
									"physicalType": "nvarchar"
								}
							},
							{
								"source": {
									"name": "IsUndersupplyBackordered",
									"type": "Boolean",
									"physicalType": "bit"
								},
								"sink": {
									"name": "IsUndersupplyBackordered",
									"type": "Boolean",
									"physicalType": "bit"
								}
							},
							{
								"source": {
									"name": "Comments",
									"type": "String",
									"physicalType": "nvarchar"
								},
								"sink": {
									"name": "Comments",
									"type": "String",
									"physicalType": "nvarchar"
								}
							},
							{
								"source": {
									"name": "DeliveryInstructions",
									"type": "String",
									"physicalType": "nvarchar"
								},
								"sink": {
									"name": "DeliveryInstructions",
									"type": "String",
									"physicalType": "nvarchar"
								}
							},
							{
								"source": {
									"name": "InternalComments",
									"type": "String",
									"physicalType": "nvarchar"
								},
								"sink": {
									"name": "InternalComments",
									"type": "String",
									"physicalType": "nvarchar"
								}
							},
							{
								"source": {
									"name": "PickingCompletedWhen",
									"type": "DateTime",
									"physicalType": "datetime2"
								},
								"sink": {
									"name": "PickingCompletedWhen",
									"type": "DateTime",
									"physicalType": "datetime2"
								}
							},
							{
								"source": {
									"name": "LastEditedBy",
									"type": "Int32",
									"physicalType": "int"
								},
								"sink": {
									"name": "LastEditedBy",
									"type": "Int32",
									"physicalType": "int"
								}
							},
							{
								"source": {
									"name": "LastEditedWhen",
									"type": "DateTime",
									"physicalType": "datetime2"
								},
								"sink": {
									"name": "LastEditedWhen",
									"type": "DateTime",
									"physicalType": "datetime2"
								}
							}
						],
						"typeConversion": true,
						"typeConversionSettings": {
							"allowDataTruncation": true,
							"treatBooleanAsNumber": false
						}
					}
				},
				"inputs": [
					{
						"referenceName": "stgOrder",
						"type": "DatasetReference"
					}
				],
				"outputs": [
					{
						"referenceName": "WWIstgOrder",
						"type": "DatasetReference"
					}
				]
			},
			{
				"name": "Load fact sale",
				"type": "ExecuteDataFlow",
				"dependsOn": [
					{
						"activity": "DimCostomer",
						"dependencyConditions": [
							"Succeeded"
						]
					},
					{
						"activity": "DimStockItem",
						"dependencyConditions": [
							"Succeeded"
						]
					},
					{
						"activity": "DimSaleperson",
						"dependencyConditions": [
							"Succeeded"
						]
					},
					{
						"activity": "DimArea",
						"dependencyConditions": [
							"Succeeded"
						]
					},
					{
						"activity": "stgInvoiceLine",
						"dependencyConditions": [
							"Succeeded"
						]
					},
					{
						"activity": "stgInvoice",
						"dependencyConditions": [
							"Succeeded"
						]
					}
				],
				"policy": {
					"timeout": "0.12:00:00",
					"retry": 0,
					"retryIntervalInSeconds": 30,
					"secureOutput": false,
					"secureInput": false
				},
				"userProperties": [],
				"typeProperties": {
					"dataflow": {
						"referenceName": "LoadFactSale",
						"type": "DataFlowReference"
					},
					"compute": {
						"coreCount": 8,
						"computeType": "General"
					},
					"traceLevel": "Fine"
				}
			},
			{
				"name": "Load Fact Order",
				"type": "ExecuteDataFlow",
				"dependsOn": [
					{
						"activity": "stgOrderLine",
						"dependencyConditions": [
							"Succeeded"
						]
					},
					{
						"activity": "stgOrder",
						"dependencyConditions": [
							"Succeeded"
						]
					},
					{
						"activity": "DimCostomer",
						"dependencyConditions": [
							"Succeeded"
						]
					},
					{
						"activity": "DimStockItem",
						"dependencyConditions": [
							"Succeeded"
						]
					},
					{
						"activity": "DimSaleperson",
						"dependencyConditions": [
							"Succeeded"
						]
					},
					{
						"activity": "DimArea",
						"dependencyConditions": [
							"Succeeded"
						]
					}
				],
				"policy": {
					"timeout": "0.12:00:00",
					"retry": 0,
					"retryIntervalInSeconds": 30,
					"secureOutput": false,
					"secureInput": false
				},
				"userProperties": [],
				"typeProperties": {
					"dataflow": {
						"referenceName": "LoadFactOrder",
						"type": "DataFlowReference"
					},
					"compute": {
						"coreCount": 8,
						"computeType": "General"
					},
					"traceLevel": "Fine"
				}
			},
			{
				"name": "Load fact StockHolding",
				"type": "ExecuteDataFlow",
				"dependsOn": [
					{
						"activity": "stg_stockholding",
						"dependencyConditions": [
							"Succeeded"
						]
					},
					{
						"activity": "DimStockItem",
						"dependencyConditions": [
							"Succeeded"
						]
					}
				],
				"policy": {
					"timeout": "0.12:00:00",
					"retry": 0,
					"retryIntervalInSeconds": 30,
					"secureOutput": false,
					"secureInput": false
				},
				"userProperties": [],
				"typeProperties": {
					"dataflow": {
						"referenceName": "loadfactstocholding",
						"type": "DataFlowReference"
					},
					"compute": {
						"coreCount": 8,
						"computeType": "General"
					},
					"traceLevel": "Fine"
				}
			},
			{
				"name": "stgInvoice",
				"type": "Copy",
				"dependsOn": [],
				"policy": {
					"timeout": "0.12:00:00",
					"retry": 0,
					"retryIntervalInSeconds": 30,
					"secureOutput": false,
					"secureInput": false
				},
				"userProperties": [],
				"typeProperties": {
					"source": {
						"type": "SqlServerSource",
						"sqlReaderQuery": "select * from Sales.Invoices",
						"queryTimeout": "02:00:00",
						"partitionOption": "None"
					},
					"sink": {
						"type": "AzureSqlSink",
						"writeBehavior": "insert",
						"sqlWriterUseTableLock": false
					},
					"enableStaging": false,
					"translator": {
						"type": "TabularTranslator",
						"mappings": [
							{
								"source": {
									"name": "InvoiceID",
									"type": "Int32",
									"physicalType": "int"
								},
								"sink": {
									"name": "InvoiceID",
									"type": "Int32",
									"physicalType": "int"
								}
							},
							{
								"source": {
									"name": "CustomerID",
									"type": "Int32",
									"physicalType": "int"
								},
								"sink": {
									"name": "CustomerID",
									"type": "Int32",
									"physicalType": "int"
								}
							},
							{
								"source": {
									"name": "BillToCustomerID",
									"type": "Int32",
									"physicalType": "int"
								},
								"sink": {
									"name": "BillToCustomerID",
									"type": "Int32",
									"physicalType": "int"
								}
							},
							{
								"source": {
									"name": "OrderID",
									"type": "Int32",
									"physicalType": "int"
								},
								"sink": {
									"name": "OrderID",
									"type": "Int32",
									"physicalType": "int"
								}
							},
							{
								"source": {
									"name": "DeliveryMethodID",
									"type": "Int32",
									"physicalType": "int"
								},
								"sink": {
									"name": "DeliveryMethodID",
									"type": "Int32",
									"physicalType": "int"
								}
							},
							{
								"source": {
									"name": "ContactPersonID",
									"type": "Int32",
									"physicalType": "int"
								},
								"sink": {
									"name": "ContactPersonID",
									"type": "Int32",
									"physicalType": "int"
								}
							},
							{
								"source": {
									"name": "AccountsPersonID",
									"type": "Int32",
									"physicalType": "int"
								},
								"sink": {
									"name": "AccountsPersonID",
									"type": "Int32",
									"physicalType": "int"
								}
							},
							{
								"source": {
									"name": "SalespersonPersonID",
									"type": "Int32",
									"physicalType": "int"
								},
								"sink": {
									"name": "SalespersonPersonID",
									"type": "Int32",
									"physicalType": "int"
								}
							},
							{
								"source": {
									"name": "PackedByPersonID",
									"type": "Int32",
									"physicalType": "int"
								},
								"sink": {
									"name": "PackedByPersonID",
									"type": "Int32",
									"physicalType": "int"
								}
							},
							{
								"source": {
									"name": "InvoiceDate",
									"type": "DateTime",
									"physicalType": "date"
								},
								"sink": {
									"name": "InvoiceDate",
									"type": "DateTime",
									"physicalType": "date"
								}
							},
							{
								"source": {
									"name": "CustomerPurchaseOrderNumber",
									"type": "String",
									"physicalType": "nvarchar"
								},
								"sink": {
									"name": "CustomerPurchaseOrderNumber",
									"type": "String",
									"physicalType": "nvarchar"
								}
							},
							{
								"source": {
									"name": "IsCreditNote",
									"type": "Boolean",
									"physicalType": "bit"
								},
								"sink": {
									"name": "IsCreditNote",
									"type": "Boolean",
									"physicalType": "bit"
								}
							},
							{
								"source": {
									"name": "CreditNoteReason",
									"type": "String",
									"physicalType": "nvarchar"
								},
								"sink": {
									"name": "CreditNoteReason",
									"type": "String",
									"physicalType": "nvarchar"
								}
							},
							{
								"source": {
									"name": "Comments",
									"type": "String",
									"physicalType": "nvarchar"
								},
								"sink": {
									"name": "Comments",
									"type": "String",
									"physicalType": "nvarchar"
								}
							},
							{
								"source": {
									"name": "DeliveryInstructions",
									"type": "String",
									"physicalType": "nvarchar"
								},
								"sink": {
									"name": "DeliveryInstructions",
									"type": "String",
									"physicalType": "nvarchar"
								}
							},
							{
								"source": {
									"name": "InternalComments",
									"type": "String",
									"physicalType": "nvarchar"
								},
								"sink": {
									"name": "InternalComments",
									"type": "String",
									"physicalType": "nvarchar"
								}
							},
							{
								"source": {
									"name": "TotalDryItems",
									"type": "Int32",
									"physicalType": "int"
								},
								"sink": {
									"name": "TotalDryItems",
									"type": "Int32",
									"physicalType": "int"
								}
							},
							{
								"source": {
									"name": "TotalChillerItems",
									"type": "Int32",
									"physicalType": "int"
								},
								"sink": {
									"name": "TotalChillerItems",
									"type": "Int32",
									"physicalType": "int"
								}
							},
							{
								"source": {
									"name": "DeliveryRun",
									"type": "String",
									"physicalType": "nvarchar"
								},
								"sink": {
									"name": "DeliveryRun",
									"type": "String",
									"physicalType": "nvarchar"
								}
							},
							{
								"source": {
									"name": "RunPosition",
									"type": "String",
									"physicalType": "nvarchar"
								},
								"sink": {
									"name": "RunPosition",
									"type": "String",
									"physicalType": "nvarchar"
								}
							},
							{
								"source": {
									"name": "ReturnedDeliveryData",
									"type": "String",
									"physicalType": "nvarchar"
								},
								"sink": {
									"name": "ReturnedDeliveryData",
									"type": "String",
									"physicalType": "nvarchar"
								}
							},
							{
								"source": {
									"name": "LastEditedBy",
									"type": "Int32",
									"physicalType": "int"
								},
								"sink": {
									"name": "LastEditedBy",
									"type": "Int32",
									"physicalType": "int"
								}
							},
							{
								"source": {
									"name": "LastEditedWhen",
									"type": "DateTime",
									"physicalType": "datetime2"
								},
								"sink": {
									"name": "LastEditedWhen",
									"type": "DateTime",
									"physicalType": "datetime2"
								}
							}
						],
						"typeConversion": true,
						"typeConversionSettings": {
							"allowDataTruncation": true,
							"treatBooleanAsNumber": false
						}
					}
				},
				"inputs": [
					{
						"referenceName": "wwi_local",
						"type": "DatasetReference"
					}
				],
				"outputs": [
					{
						"referenceName": "stgInvoice",
						"type": "DatasetReference"
					}
				]
			},
			{
				"name": "stgInvoiceLine",
				"type": "Copy",
				"dependsOn": [],
				"policy": {
					"timeout": "0.12:00:00",
					"retry": 0,
					"retryIntervalInSeconds": 30,
					"secureOutput": false,
					"secureInput": false
				},
				"userProperties": [],
				"typeProperties": {
					"source": {
						"type": "SqlServerSource",
						"sqlReaderQuery": "select * from Sales.InvoiceLines",
						"queryTimeout": "02:00:00",
						"partitionOption": "None"
					},
					"sink": {
						"type": "AzureSqlSink",
						"writeBehavior": "insert",
						"sqlWriterUseTableLock": false
					},
					"enableStaging": false,
					"translator": {
						"type": "TabularTranslator",
						"mappings": [
							{
								"source": {
									"name": "InvoiceLineID",
									"type": "Int32",
									"physicalType": "int"
								},
								"sink": {
									"name": "InvoiceLineID",
									"type": "Int32",
									"physicalType": "int"
								}
							},
							{
								"source": {
									"name": "InvoiceID",
									"type": "Int32",
									"physicalType": "int"
								},
								"sink": {
									"name": "InvoiceID",
									"type": "Int32",
									"physicalType": "int"
								}
							},
							{
								"source": {
									"name": "StockItemID",
									"type": "Int32",
									"physicalType": "int"
								},
								"sink": {
									"name": "StockItemID",
									"type": "Int32",
									"physicalType": "int"
								}
							},
							{
								"source": {
									"name": "Description",
									"type": "String",
									"physicalType": "nvarchar"
								},
								"sink": {
									"name": "Description",
									"type": "String",
									"physicalType": "nvarchar"
								}
							},
							{
								"source": {
									"name": "PackageTypeID",
									"type": "Int32",
									"physicalType": "int"
								},
								"sink": {
									"name": "PackageTypeID",
									"type": "Int32",
									"physicalType": "int"
								}
							},
							{
								"source": {
									"name": "Quantity",
									"type": "Int32",
									"physicalType": "int"
								},
								"sink": {
									"name": "Quantity",
									"type": "Int32",
									"physicalType": "int"
								}
							},
							{
								"source": {
									"name": "UnitPrice",
									"type": "Decimal",
									"physicalType": "decimal",
									"scale": 2,
									"precision": 18
								},
								"sink": {
									"name": "UnitPrice",
									"type": "Decimal",
									"physicalType": "decimal",
									"scale": 2,
									"precision": 18
								}
							},
							{
								"source": {
									"name": "TaxRate",
									"type": "Decimal",
									"physicalType": "decimal",
									"scale": 3,
									"precision": 18
								},
								"sink": {
									"name": "TaxRate",
									"type": "Decimal",
									"physicalType": "decimal",
									"scale": 3,
									"precision": 18
								}
							},
							{
								"source": {
									"name": "TaxAmount",
									"type": "Decimal",
									"physicalType": "decimal",
									"scale": 2,
									"precision": 18
								},
								"sink": {
									"name": "TaxAmount",
									"type": "Decimal",
									"physicalType": "decimal",
									"scale": 2,
									"precision": 18
								}
							},
							{
								"source": {
									"name": "LineProfit",
									"type": "Decimal",
									"physicalType": "decimal",
									"scale": 2,
									"precision": 18
								},
								"sink": {
									"name": "LineProfit",
									"type": "Decimal",
									"physicalType": "decimal",
									"scale": 2,
									"precision": 18
								}
							},
							{
								"source": {
									"name": "ExtendedPrice",
									"type": "Decimal",
									"physicalType": "decimal",
									"scale": 2,
									"precision": 18
								},
								"sink": {
									"name": "ExtendedPrice",
									"type": "Decimal",
									"physicalType": "decimal",
									"scale": 2,
									"precision": 18
								}
							},
							{
								"source": {
									"name": "LastEditedBy",
									"type": "Int32",
									"physicalType": "int"
								},
								"sink": {
									"name": "LastEditedBy",
									"type": "Int32",
									"physicalType": "int"
								}
							},
							{
								"source": {
									"name": "LastEditedWhen",
									"type": "DateTime",
									"physicalType": "datetime2"
								},
								"sink": {
									"name": "LastEditedWhen",
									"type": "DateTime",
									"physicalType": "datetime2"
								}
							}
						],
						"typeConversion": true,
						"typeConversionSettings": {
							"allowDataTruncation": true,
							"treatBooleanAsNumber": false
						}
					}
				},
				"inputs": [
					{
						"referenceName": "wwi_local",
						"type": "DatasetReference"
					}
				],
				"outputs": [
					{
						"referenceName": "stginvoiceline",
						"type": "DatasetReference"
					}
				]
			}
		],
		"annotations": [],
		"lastPublishTime": "2023-05-04T07:41:10Z"
	},
	"type": "Microsoft.DataFactory/factories/pipelines"
}